Query Name	Rank	Scaled Rank	Set_name	TF	Intersect	Set length	FET p-value	FDR	Odds Ratio	Library	Overlapping_Genes
"gene_set_query"	"1"	"0.008475"	"IKZF1_GM12878_HG19"	"IKZF1"	"113"	"1836"	"9.906E-14"	"2.82E-11"	"2.359"	"ENCODE--ChIP-seq"	"MAML2,RBPJ,ZC3H12C,IL4I1,MIR22HG,IER3,PRKCD,DDX10,VOPP1,PRDM10,EHD1,PPFIBP2,RCSD1,LITAF,LYST,GPR132,IKBKE,APPL1,FCRL5,MYOF,SLC39A13,PLSCR1,RILPL2,STX6,PLAGL2,ZSWIM4,CCL22,IL10RA,NR1H3,HIPK1,RLIM,CTNND1,AHR,RNF19A,TICAM2,SWAP70,USP3,ZBTB37,TICAM1,TXLNB,DMTF1,KMT2E,HVCN1,SKIL,NADK,CDK6,PTPN22,PIK3CG,SPN,ARL5B,NCK2,ITGB8,ITGAV,TRAF1,ADORA2A,NFAT5,NOD2,MALT1,MLLT6,SH3BP5,LRRC8D,TSPOAP1,APOBR,MYO1D,MYO1E,PTPN6,MYO1G,ICAM1,SLC12A6,SLC11A2,TRIM13,TRIB1,TMEM63B,PIK3R3,PIK3R5,RAB11FIP1,STK38L,TNFSF15,AKAP13,CCR9,CCR7,CCR5,PTGER4,SHOC2,VMP1,INPPL1,PRDM1,ARHGAP35,DOCK10,ADAM17,USP53,RASGRP1,TMEM123,GRK3,NLRP3,DENND4A,ARHGAP31,TAB2,NFKBIE,BRWD3,TNFAIP3,PTGIR,MMP9,TBC1D1,FCHSD2,RGS16,ASAP1,MAPK8,VHL,GALNT7,ATP2B4,TNIP1,NAA15"
"gene_set_query"	"2"	"0.01695"	"JUN_CH12LX_MM9"	"JUN"	"90"	"1325"	"1.021E-13"	"2.82E-11"	"2.621"	"ENCODE--ChIP-seq"	"SPI1,C3AR1,MIR22HG,PRKCD,RC3H1,DAAM1,PLBD2,BCL10,ST3GAL1,FN1,SLC16A10,NR1D1,EHD1,REL,BTG2,LITAF,GPR132,FCRL5,SLC39A13,PLSCR1,PLEKHO2,FGD3,BTAF1,CCL22,ABI1,NCF1,TNF,PIM1,TICAM2,TICAM1,ATXN2L,KMT2E,SLC38A7,SKIL,MAFF,ANKRD33B,PTPN22,PIK3CG,ITGAX,UTY,CCDC50,VPS37C,TRAF1,LANCL2,GTF2A1,NFAT5,LENG8,IL2RG,MALT1,P2RY2,MYO1E,SLC25A37,NECAP1,DNAJA2,BCOR,ACSL4,HECA,TRIB1,PIK3R3,RAB11FIP1,HIVEP3,SUCO,OSGIN2,GRAP,CCDC122,PPP1R10,CCR9,CCR5,CCR3,GRIPAP1,ZHX2,SREBF2,TLR9,TBL1X,RIPOR2,CD80,PPFIA3,GEM,AKNA,KIF3B,PTCH1,NFKBIE,TNFAIP3,ADGRE1,LRRFIP2,SCYL2,CAMK2A,AGPAT4,PRRG4,MAPK6"
"gene_set_query"	"3"	"0.02542"	"JUND_CH12LX_MM9"	"JUND"	"72"	"1148"	"5.425E-10"	"9.98E-8"	"2.407"	"ENCODE--ChIP-seq"	"GJA1,C3AR1,MIR22HG,IER3,ARMC7,DAAM1,BCL10,ST3GAL1,NR1D1,EHD1,BTG2,LITAF,GPR132,PLSCR1,AEBP2,FGD3,BTAF1,ABI1,CSF1,TNF,PIM1,TICAM1,SQSTM1,KMT2E,FBXO40,SLC38A7,SKIL,ANKRD33B,PTPN22,PIK3CG,ITGAX,UTY,CCDC50,VPS37C,TRAF1,GTF2A1,LENG8,IL2RG,MALT1,TXNRD1,MYO1E,NECAP1,DNAJA2,BCOR,HECA,TRIB1,EZR,PIK3R3,RAB11FIP1,SUCO,OSGIN2,CCDC122,PPP1R10,HERPUD1,AKAP13,CCR9,CCR5,CCR3,TLR9,RIPOR2,PTCH1,NFKBIE,BRWD3,ADGRE1,LRRFIP2,SCYL2,CAMK2A,AGPAT4,PRRG4,MAPK6,KDM4B,ATP2B4"
"gene_set_query"	"4"	"0.0339"	"ETS1_MELCELLLINE_MM9"	"ETS1"	"91"	"1614"	"9.665E-10"	"1.33E-7"	"2.149"	"ENCODE--ChIP-seq"	"SPI1,C3AR1,MIR22HG,IER3,ARMC7,DAAM1,PDGFB,PRDM10,HIF1A,HMOX1,ST3GAL1,ZBTB7A,SLC16A10,NR1D1,ELL2,REL,AIRN,BTG2,MTMR12,RCSD1,LITAF,GPR132,FOS,ZEB2,CDC42EP2,PLEKHO2,JDP2,FGD3,MICALL2,PLAGL2,ABI1,GTF2B,TNF,PIM1,CISH,ZBTB37,TICAM1,CLEC4E,KMT2E,BCL2L11,SKIL,MOB1A,MAFF,NFE2L2,ANKRD33B,SPN,ARL5C,UTY,IMPACT,ITGA5,PPP1R15A,DNAJB2,LRRC8D,DNAJA2,PTPN6,SLC12A6,SLC11A2,ACSL4,HECA,EZR,RAB11FIP1,EGR2,CSRNP1,PPP1R10,SLC7A11,CCR3,NXPE3,GRIPAP1,SREBF2,IL1B,SDE2,RELB,TBL1X,DOCK10,AKNA,NDRG1,TMEM123,KIF3B,DENND4A,KDM5B,TNFAIP2,SLC2A1,AFF4,ADGRE5,KDM6B,ABCC5,GNA13,MAPK6,ATP2B4,IRGQ,NAA15"
"gene_set_query"	"5"	"0.04237"	"RELA_GM12892_HG19"	"RELA"	"73"	"1200"	"1.49E-9"	"1.65E-7"	"2.33"	"ENCODE--ChIP-seq"	"ITSN2,ZC3H12C,IER3,PRKAB2,PRKCD,BCL10,HIF1A,ELL2,EHD1,PPFIBP2,AGO3,REL,BTG2,RCSD1,GPR132,IKBKE,DUSP4,SGMS1,PLAGL2,CSF1,RNF19A,TICAM2,ZBTB37,TICAM1,ATXN2L,FSCN1,KMT2E,BCL2L11,SKIL,NADK,OSBPL3,MOB1A,PLEKHM3,NFE2L2,ANKRD33B,ARL5B,ITGB8,TRAF1,NFAT5,NOD2,IL2RG,MALT1,DNAJB2,SEC24A,MYO1G,ICAM1,TRIM13,EZR,TMEM63B,RRAS,HERPUD1,GRIPAP1,TSC22D2,SREBF2,COL19A1,RELB,APBA3,CD83,DOCK10,GEM,IDI1,DDX5,DENND4A,ARHGAP31,NFKBIE,NFKBID,TNFAIP3,MMP9,TBC1D1,FCHSD2,MAPK6,GALNT7,TNIP1"
"gene_set_query"	"6"	"0.05085"	"MAZ_MELCELLLINE_MM9"	"MAZ"	"95"	"1766"	"4.253E-9"	"3.35E-7"	"2.045"	"ENCODE--ChIP-seq"	"SPI1,ENO2,ZC3H12C,RC3H1,FRS2,PLBD2,ZBTB7A,PRRC2C,PPFIBP1,AGO3,RCSD1,LYST,MED12,GPR132,IKBKE,SLC39A13,FOS,SLC39A14,AEBP2,PLEKHO2,JDP2,PELI3,BTAF1,STX6,PLAGL2,HIPK1,DCBLD2,ABI1,AGRN,NCF1,PIM1,KMT5B,PHLDA1,MITF,TICAM1,MOB3B,TXLNB,BCL2L11,SKIL,OSBPL3,PTPRE,MAFF,ANKRD33B,PTPN23,NCK2,VPS9D1,VPS37A,NFAT5,NOD2,MALT1,BAHD1,SH3BP5,LRRC8D,FNIP2,NCKAP5L,DNAJA2,PWP1,SLC12A6,TMEM63B,RRAD,PIK3R3,RALGDS,SPTAN1,ZHX1,SDE2,HSD17B7,RELB,SERTAD2,MYEF2,GRHL1,INPPL1,PPFIA3,PDGFRB,LZTFL1,GEM,DDX5,AKNA,NDRG1,CAMTA2,PTCH1,KDM5B,KDM5C,NGLY1,SLC2A1,TNFAIP3,AFF4,ADGRE5,KDM6B,PTGIR,ABCC5,FCHSD2,ACVR1B,GNA13,PPP2R3A,REST"
"gene_set_query"	"7"	"0.05932"	"ZKSCAN1_CH12LX_MM9"	"ZKSCAN1"	"64"	"1034"	"6.603E-9"	"4.56E-7"	"2.373"	"ENCODE--ChIP-seq"	"PRKCD,ZBTB7A,NR1D1,BTG2,MTMR12,PIP4P2,DUSP4,KAT2A,PELI3,FGD3,STX6,CCL22,TMCO6,PLXND1,AHR,KMT5B,KPNA3,USP3,ATXN2L,FSCN1,SQSTM1,KMT2E,SKIL,NADK,CDK6,NFE2L2,SPN,ITGAX,VPS37C,VPS37A,GTF2A1,NOD2,MLLT6,P2RY6,HECTD1,SH3BP1,BAHD1,NECAP1,PTPN6,LDLRAD4,RASSF4,TRIB1,CCDC88B,RCOR2,CSRNP1,NRP2,NCOA2,TSC22D2,RHOF,TBL1X,DOCK10,AMMECR1L,FPGT,KIF3B,PTCH1,ARHGAP27,NFKBIE,KDM5B,NGLY1,KDM6B,TBC1D1,KDM4B,PPP2R3A,NAA15"
"gene_set_query"	"8"	"0.0678"	"MAFK_CH12LX_MM9"	"MAFK"	"88"	"1616"	"7.943E-9"	"4.87E-7"	"2.071"	"ENCODE--ChIP-seq"	"ATF2,SPI1,IL4I1,GJA1,ZC3H12A,IER3,PRKCG,PRKCD,RC3H1,FRS2,PLBD2,BCL10,HMOX1,PIP5K1C,NR1D1,AGO3,TREML4,BTG2,RCSD1,LITAF,PIP4P2,SH3BGRL2,IKBKE,SLC39A13,FOS,PLSCR1,AEBP2,PTAFR,FGD3,BTAF1,ZSWIM4,CCL22,DCBLD2,CTNND1,TNF,PIM2,PHLDA1,SLC39A4,TICAM1,TXLNB,MAPKAPK3,FSCN1,SQSTM1,TMEM26,SLC38A7,MAFF,PLEKHM3,SYNE2,PLEKHG2,IMPACT,SLC25A10,GTF2A1,ACSS2,LENG8,NOD2,IL2RG,MALT1,HECTD1,BAHD1,APOBR,MYO1D,SLC25A37,BCOR,SLC11A1,EZR,LPAR1,CCDC122,PPP1R10,CCR9,NXPE3,ZHX2,RHOG,TLR9,SUSD2,ITCH,ARHGAP35,DDX5,TMEM123,EFNA2,NFKBIE,NGLY1,MMP9,ETV5,CAMK2A,MAPK6,KDM4B,POLM,ACVR2A"
"gene_set_query"	"9"	"0.07627"	"TCF3_MYOCYTE_MM9"	"TCF3"	"88"	"1708"	"8.311E-8"	"3.53E-6"	"1.954"	"ENCODE--ChIP-seq"	"ITSN2,MIR22HG,ATG3,PDGFB,HIF1A,HMOX1,NR1D1,ELL2,PPFIBP1,HRC,MTMR12,GPR132,APPL1,MYOF,AEBP2,GPRC5C,SGMS1,BTAF1,PLAGL2,GTF2B,AHR,RNF19A,PIM1,KMT5B,KPNA3,PHLDA1,CACNB1,SQSTM1,KMT2E,RAB6A,OSBPL3,NFE2L1,ITGAV,NCK1,VPS9D1,VPS37A,GTF2A1,NFAT5,HECTD1,BAHD1,SH3BP5,MYO10,TXNRD1,MYO1D,DNAJA2,SLC23A2,ERRFI1,SLC12A6,SLC11A2,ACSL4,TRIB1,LPAR1,TRPM4,EGR2,TNFSF15,NBEAL1,OSGIN2,RCOR2,CSRNP1,AKAP13,KIF1B,SPTAN1,ZHX2,TSC22D2,RHOF,SREBF2,TBL1X,MYEF2,PRDM9,DDX5,USP53,TMEM123,TAB2,NGLY1,AFF4,ADGRE5,LRRFIP2,PTGIR,ETV5,TBC1D1,FCHSD2,HMGCR,GNA13,MAPK8,LRIG2,MAPK6,POLM,SLC4A7"
"gene_set_query"	"10"	"0.08475"	"CEBPB_C2C12_MM9"	"CEBPB"	"69"	"1285"	"3.66E-7"	"1.44E-5"	"2.041"	"ENCODE--ChIP-seq"	"SPI1,GJA1,IER3,MED1,ORAI2,HMOX1,ZBTB7A,FN1,NR1D1,EHD1,LITAF,OLR1,CDC42EP2,JDP2,PTGS2,STX6,TMCO6,CDC14A,PIM1,ATXN2L,TXLNB,SQSTM1,SLC26A2,SLC38A7,SKIL,PTPRE,MAFF,NFE2L2,PTPN23,PSTPIP2,DSE,PLEKHG2,IMPACT,NFAT5,ACSS2,NNAT,SH3BP5,TSPOAP1,SLC25A37,RPS6KA4,IFRD1,RIN3,TRIB1,SUCO,CCDC122,PPP1R10,SLC7A11,HERPUD1,GYS1,AKAP13,ZHX2,SREBF2,HSD17B7,TBL1X,SEC23IP,APBA3,ARHGAP35,LZTFL1,DDX5,NDRG1,TGFBI,TNFAIP2,TNFAIP3,KDM6B,ABCC5,PLEC,TAF15,ACVR2A,CLCN6"
"gene_set_query"	"11"	"0.09322"	"BCL11A_GM12878_HG19"	"BCL11A"	"57"	"1038"	"1.583E-6"	"5.83E-5"	"2.09"	"ENCODE--ChIP-seq"	"RBPJ,ZC3H12C,IER3,EHD1,PPFIBP2,REL,RCSD1,GPR132,MYOF,RILPL2,ZSWIM4,CCL22,NCF1,PHLDA1,USP3,ATXN2L,FSCN1,KMT2E,SKIL,NADK,NFE2L2,ANKRD33B,PTPN22,SPN,ARL5B,ITGB8,PLEKHG2,NFAT5,MALT1,DNAJB2,HECTD1,TSPOAP1,APOBR,PTPN6,MYO1G,ICAM1,TRIM13,GRAP,HERPUD1,AKAP13,CCR7,RHOG,TBL1X,PRDM1,DOCK10,DDX5,GRK3,KIF3B,VCAM1,DENND4A,NFKBID,LRRFIP2,TBC1D1,PLEC,PARG,ASAP1,MAPK6"
"gene_set_query"	"12"	"0.1017"	"MYOD1_MYOCYTE_MM9"	"MYOD1"	"121"	"2784"	"3.18E-6"	"1.03E-4"	"1.634"	"ENCODE--ChIP-seq"	"ITSN2,ZC3H12C,ZC3H12A,MIR22HG,ATG3,PRKAB2,PRKCD,PDGFB,SLC5A3,HIF1A,FLRT3,HMOX1,ST3GAL1,ELL2,EHD1,PPFIBP1,HRC,BTG2,MTMR12,APPL1,DENND2A,BGN,SLC39A13,FOS,F3,PLAGL2,SC5D,TMCO6,ABI1,PLCD1,AHR,CDC14A,RNF19A,PIM1,KPNA3,PHLDA1,CACNB1,TXLNB,DMTF1,SQSTM1,KMT2E,FAM114A1,BCL2L11,RAB6A,SKIL,ANKRD28,OSBPL3,PTPN23,PSTPIP2,CCDC50,VPS9D1,VPS37C,VPS37A,ADORA2B,SLC25A10,PPP1R12B,NFAT5,NOD2,HECTD1,P2RY2,SH3BP5,SEC24A,MYO10,TXNRD1,DNAJA2,PTPN6,SLC23A2,LDLRAD4,SLC12A6,ACSL4,TRIB1,EZR,RAB11FIP1,TRPM4,EGR2,TNFSF15,OSGIN2,NRP2,SLC7A11,GYS1,AKAP13,SPTAN1,ZHX1,SREBF2,SDE2,LIMA1,MYEF2,SPRYD7,GRHL1,RIPOR2,INPPL1,PRDM1,ARHGAP35,AMMECR1L,AKNA,USP53,UBA6,NDRG1,TMEM123,IRAK2,NGLY1,AFF4,ADGRE5,RASGEF1B,LRRFIP2,KDM6B,ABCC1,PTGIR,ETV5,TBC1D1,FCHSD2,HMGCR,MAPK8,LRIG2,MAPK6,KDM4B,TAF15,POLM,PPP2R3A,TNIP1,NAA15"
"gene_set_query"	"13"	"0.1102"	"CTCF_BONEMARROWMACROPHAGE_MM9"	"CTCF"	"81"	"1712"	"5.204E-6"	"1.51E-4"	"1.786"	"ENCODE--ChIP-seq"	"MAPKBP1,SPI1,FRS2,MEFV,FLRT3,PIP5K1C,FN1,PRRC2C,NR1D1,PPFIBP2,SH3BGRL2,APPL1,SLC39A13,FOS,SLC39A14,F3,PLCB3,AEBP2,PLEKHO2,PELI3,COL11A2,PTAFR,PAPSS2,PLAGL2,PHLDB1,COL27A1,SWAP70,MOB3B,PGF,CACNB1,ATXN2L,HVCN1,NADK,PTPRE,SPN,NCK2,PLEKHG2,ADORA2A,ADORA2B,ACSS2,HECTD1,SH3BP5,MYO1D,SLC25A37,NECAP1,SH3D21,MYO1G,ERRFI1,TNS3,RSAD1,PIK3R5,RRAS,SDC1,GRAP,CCDC122,CX3CL1,GYS1,KIF1B,NXPE3,ZHX2,RHOG,RHOF,TLR2,PPFIA3,COL4A5,STK4,IRAK2,CAMTA2,ZMYND15,SLC2A1,TNFAIP3,CXCL3,KDM6B,ABCC5,FCHSD2,PLEC,PRRG4,LRIG2,GALNT7,TAF15,POLM"
"gene_set_query"	"14"	"0.1186"	"BHLHE40_A549_HG19"	"BHLHE40"	"85"	"1842"	"7.929E-6"	"2.08E-4"	"1.74"	"ENCODE--ChIP-seq"	"RBPJ,RAVER1,PRKCG,ATG3,DDX10,EID3,PRDM10,HIF1A,PRRC2C,NR1D1,PPFIBP2,AGO3,MTMR12,DUSP4,FOS,LRRC41,ZEB2,RILPL2,SGMS1,STX6,DCBLD2,GTF2B,RNF19A,KPNA3,PHLDA1,ZBTB37,TICAM1,ATXN2L,DMTF1,KMT2E,BCL2L11,SLC38A7,SOCS4,CDK6,MDM4,PTPN23,ARL5B,HMGCS1,VPS37C,PPP1R12B,GTF2A1,HECTD1,SEC24A,NCKAP5L,SLC25A37,BCOR,RPS6KA4,ARRDC4,RSAD1,PIK3R3,RAB11FIP1,RALGDS,OSGIN2,HERPUD1,GRIPAP1,TSC22D2,RELB,LIMA1,SERTAD2,TBL1X,VMP1,SEC23IP,ETS2,PPFIA3,LZTFL1,RSBN1,TMEM127,PTCH1,TGFBI,KDM5C,NGLY1,TNFAIP3,CXCL2,AFF4,KDM6B,TTC37,FCHSD2,MVD,PLEC,ACVR1B,GNA13,VHL,MAPK6,TAF15,CLCN6"
"gene_set_query"	"15"	"0.1271"	"PAX5_GM12891_HG19"	"PAX5"	"45"	"817"	"1.505E-5"	"3.77E-4"	"2.097"	"ENCODE--ChIP-seq"	"ITSN2,RBPJ,ZC3H12C,IER3,VOPP1,REL,CDK12,SLC39A13,GPRC5C,RNF19A,KPNA3,PHLDA1,USP3,KMT2E,AK4,SKIL,SOCS4,NADK,MOB1A,NFE2L2,ANKRD33B,HMGCS1,PPP1R15A,DNAJB2,TSPOAP1,SLC25A25,MYO1G,PWP1,ICAM1,RSAD1,TRIB1,NRP2,NCOA2,RHOF,CD83,RSBN1,IDI1,DENND4A,TAB2,NFKBID,NGLY1,LRRFIP2,ABCC5,FCHSD2,GNA13"
"gene_set_query"	"16"	"0.1356"	"EGR1_ECC1_HG19"	"EGR1"	"95"	"2158"	"1.601E-5"	"3.84E-4"	"1.656"	"ENCODE--ChIP-seq"	"PRKCD,ARMC7,FRS2,DAAM1,ORAI2,PLBD2,MTDH,PIP5K1C,SLC16A10,GPR137B,AGO3,REL,CPEB4,LITAF,LRRC41,AEBP2,GPRC5C,JDP2,SGMS1,SLC7A2,PLAGL2,ZSWIM4,DCBLD2,PLXND1,GTF2B,RNF19A,PHLDA1,USP3,ZBTB37,ATXN2L,DMTF1,IREB2,AK4,RLF,RAB6A,SKIL,SOCS4,ANKRD28,PTPRE,NFE2L2,ITGB8,VPS37C,IMPACT,NFAT5,LENG8,MALT1,RAB20,SLC25A25,RNF24,NCKAP5L,SLC25A37,SH3D21,DNAJA2,ARRDC4,SLC11A2,ACSL4,TRIB1,EZR,CX3CL1,HERPUD1,PCM1,UBXN7,SPTAN1,GABPA,TSC22D2,SREBF2,MICU3,PTGER2,RELB,SERTAD2,PAK4,GRHL1,SEC23IP,FPGT,PPFIA3,TBC1D2B,RSBN1,ADAM17,DDX5,TMEM127,DENND4A,PTCH1,ZMYND15,KDM5C,CXCL3,AFF4,FYCO1,ADGRE5,RASGEF1B,ABCC5,FCHSD2,HMGCR,MAPK6,KDM4B,PPP2R3A"
"gene_set_query"	"17"	"0.1441"	"MEF2A_GM12878_HG19"	"MEF2A"	"47"	"871"	"1.675E-5"	"3.85E-4"	"2.052"	"ENCODE--ChIP-seq"	"RBPJ,ZC3H12C,IER3,PRKAB2,SLC16A10,PPFIBP2,REL,CDK12,BTG2,GPR132,MYOF,SLC39A13,SLC39A14,PLAGL2,RNF19A,TICAM2,USP3,TXLNB,DMTF1,SQSTM1,KMT2E,SKIL,MDM4,NFE2L2,ANKRD33B,PIK3CG,ARL5B,PLEKHG2,PPP1R15A,NFAT5,NOD2,DNAJB2,TSPOAP1,PTPN6,MYO1G,ERRFI1,TRIM13,STK38L,EGR2,AKAP13,PCM1,CCR9,NCOA2,RHOG,TBL1X,DOCK10,DENND4A"
"gene_set_query"	"18"	"0.1525"	"ZNF384_MELCELLLINE_MM9"	"ZNF384"	"77"	"1706"	"3.726E-5"	"8.23E-4"	"1.7"	"ENCODE--ChIP-seq"	"ITSN2,MAPKBP1,PRKCD,RC3H1,FRS2,NUP98,PLBD2,BCL10,HIF1A,PIP5K1C,ZBTB7A,AGO3,TREML4,LITAF,PHF8,APPL1,SLC39A14,KAT2A,ZEB2,RILPL2,SLC7A3,NR1H3,ABI1,RLIM,PLXND1,NCF1,CTNND1,PIM2,TICAM1,DMTF1,AK4,RNF170,RAB6A,NADK,PTPN22,ADRA1A,PIK3CG,ARL5B,UTY,ADORA2B,ITGA5,PPP1R15A,NFAT5,NECAP1,IFRD1,ACSL4,BCORL1,STK38L,EGR2,SUCO,CSRNP1,SLC7A11,CCR5,SPTAN1,GRIPAP1,NCOA4,VMP1,PRDM1,MANEA,ETS2,PDGFRB,LZTFL1,ADAM17,HCAR2,DENND4A,BRWD3,AFF4,FCHSD2,ASAP1,AGPAT4,GNA13,LRIG2,VHL,GALNT7,KDM4A,ATP2B4,ACVR2A"
"gene_set_query"	"19"	"0.161"	"USF2_CH12LX_MM9"	"USF2"	"77"	"1719"	"4.702E-5"	"9.61E-4"	"1.687"	"ENCODE--ChIP-seq"	"ATF2,ENO2,ATG3,AFAP1,ORAI2,PLBD2,HIF1A,HMOX1,ST3GAL1,PRRC2C,PPFIBP2,RARG,MTMR12,SLC39A14,PTGS2,STX6,SC5D,ZSWIM4,RLIM,AHR,TNF,PIM2,RALGAPA2,SWAP70,USP3,MITF,CACNB1,MAPKAPK3,SLC26A2,BCL2L11,SLC38A7,MAFF,ARL5B,UTY,LANCL2,SLC25A10,PPP1R15A,GTF2A1,RAB20,LRRC8D,SEC24A,BCOR,IFRD1,RSAD1,RAB11FIP1,RRAS,RALGDS,EGR2,XCR1,GOLGB1,SLC35F6,PCM1,CCR5,ZHX2,NCOA4,SDE2,TLR9,HSD17B7,RELB,SEC23IP,AMMECR1L,UBE4B,LZTFL1,GEM,DDX5,UBA6,STK4,TMEM127,IRAK2,VCAM1,SLC2A1,TNFAIP3,AFF4,PRRG4,KDM4B,CLCN6,TNIP1"
"gene_set_query"	"20"	"0.1695"	"NFIC_SKNSH_HG19"	"NFIC"	"34"	"587"	"5.434E-5"	"0.00104"	"2.211"	"ENCODE--ChIP-seq"	"ZC3H12C,GJA1,MIR22HG,PRKCD,ST3GAL1,TSLP,BTG2,DUSP4,CDC42EP2,SGMS1,SLC7A2,MICALL2,ZSWIM4,CSF1,RNF19A,PHLDA1,PGF,FSCN1,KMT2E,SKIL,MALT1,BCOR,ICAM1,TNS3,VASN,RDH5,COL19A1,SERTAD2,TBL1X,PLAT,GEM,CAV1,ASAP1,ATP2B4"
"gene_set_query"	"21"	"0.178"	"USF1_C2C12_MM9"	"USF1"	"76"	"1719"	"7.657E-5"	"0.00132"	"1.664"	"ENCODE--ChIP-seq"	"ATF2,MIR22HG,ATG3,ORAI2,PLBD2,HIF1A,MTDH,RRS1,HMOX1,PIP5K1C,ST3GAL1,PRRC2C,NR1D1,RARG,SMPD3,OLR1,DUSP4,PLSCR1,PTGS2,STX6,SC5D,ZSWIM4,RLIM,CSF1,AHR,SWAP70,MITF,TICAM1,MAPKAPK3,SLC26A2,SLC38A7,MAFF,PTPN23,ARL5B,VPS37C,GTF2A1,RAB20,LRRC8D,IGF2BP2,FNIP2,SEC24A,SLC12A6,IFRD1,RAB11FIP1,ZBED6,EGR2,SUCO,SLC35F6,PPP1R10,PCM1,ZHX2,SDE2,RDH5,HSD17B7,RELB,LIMA1,SPRYD7,SEC23IP,PLAT,CARF,ARHGAP35,AMMECR1L,UBE4B,LZTFL1,GEM,DDX5,UBA6,STK4,TMEM127,TNFAIP3,CXCL1,AFF4,GNA13,LRIG2,KDM4B,CLCN6"
"gene_set_query"	"22"	"0.1864"	"TFAP2A_HELAS3_HG19"	"TFAP2A"	"79"	"1810"	"8.564E-5"	"0.00143"	"1.642"	"ENCODE--ChIP-seq"	"MAPKBP1,ATF2,CAPN15,ZC3H12C,IL4I1,ZC3H12A,MIR22HG,IER3,ATG3,PRKAB2,AFAP1,FRS2,NUP98,NR1D1,EHD1,AGO3,REL,PHF8,OLR1,DUSP4,MYOF,SLC39A13,SLC39A14,GPRC5C,SGMS1,PTGS2,SLC7A2,ZSWIM4,CDC14A,SWAP70,TICAM1,FSCN1,SLC26A2,SKIL,CDK6,NFE2L1,SYNE2,PSD3,ITGB8,CCDC50,PLEKHG2,SLC25A10,HECTD1,P2RY2,SEC24A,MYO10,NCKAP5L,NECAP1,DNAJA2,MYO1G,RPS6KA4,IFRD1,SLC11A2,YOD1,TRIB1,RRAD,TMTC3,PIK3R3,RRAS,RALGDS,OSGIN2,CSRNP1,GYS1,TSC22D2,RHOG,RHOF,ZHX1,PTGER4,TBL1X,PLAT,UBA6,STK4,CAV1,ARHGAP27,TNFAIP2,ADGRE5,LRIG2,ATP2B4,REST"
"gene_set_query"	"23"	"0.1949"	"SPI1_GM12878_HG19"	"SPI1"	"81"	"1895"	"1.35E-4"	"0.00201"	"1.606"	"ENCODE--ChIP-seq"	"ZC3H12C,MED1,PRKCD,ORAI2,GPR137B,PPFIBP2,REL,RCSD1,LYST,IKBKE,FCRL5,MYOF,SLC39A13,ZEB2,PLSCR1,RILPL2,PLEKHO2,JDP2,BTAF1,ZSWIM4,CCL22,NR1H3,ABI1,TMEM39A,NCF1,CDC14A,TICAM2,ZBTB37,FSCN1,KMT2E,BCL2L11,SKIL,SOCS4,NADK,ANKRD28,ITGAM,PTPN23,PIK3CG,SPN,ARL5B,PSTPIP2,ITGAV,PPP1R15A,NLRC4,SH3BP1,TSPOAP1,APOBR,PTPN6,MYO1G,ICAM1,SLC12A6,TRIM13,PIK3R5,RAB11FIP1,CD14,ZBED6,CCDC88B,HERPUD1,AKAP13,PCM1,CCR7,CCR3,TLR9,SHOC2,SEC23IP,ABCG1,STK4,GRK3,KIF3B,STAP1,NLRP3,HOOK3,ARHGAP31,NFKBIE,ZMYND15,PARG,ASAP1,LRIG2,GALNT7,KDM4B,TAF15"
"gene_set_query"	"24"	"0.2034"	"TCF7L2_HEK293_HG19"	"TCF7L2"	"78"	"1821"	"1.62E-4"	"0.00235"	"1.61"	"ENCODE--ChIP-seq"	"ATF2,RBPJ,ZC3H12C,GJA1,RAVER1,MIR22HG,MED1,PRKAB2,NUP98,BCL10,PRDM10,FN1,NR1D1,GPR137B,TREML4,CDK12,CPEB4,LYST,SMPD3,SH3BGRL2,IKBKE,DUSP4,FOS,LRRC41,ZEB2,JDP2,BTAF1,ADGRL2,CDC14A,DACH1,PIM1,PHLDA1,COL27A1,CISH,MAPKAPK3,FSCN1,CDK6,MDM4,NFE2L2,PSD3,SLC25A10,PPP1R12B,MLLT6,HECTD1,MYO10,RNF24,SLC11A2,YOD1,TRIB1,TSHZ1,PIK3R3,COL18A1,NRP2,SLC7A11,GABPA,IL17RD,ZHX1,TBL1X,CARF,FPGT,MYCL,COL4A2,COL4A5,IDI1,DDX5,TMEM123,DENND4A,ARHGAP31,KDM5C,SLC2A1,TRPS1,SCYL2,RGS16,AGPAT4,LRIG2,GALNT7,TAF15,REST"
"gene_set_query"	"25"	"0.2119"	"ZBTB7A_ECC1_HG19"	"ZBTB7A"	"75"	"1753"	"2.142E-4"	"0.00303"	"1.608"	"ENCODE--ChIP-seq"	"ITSN2,PRKCG,ARMC7,ORAI2,SLC16A10,RARG,SMPD3,APPL1,SLC39A14,F3,JDP2,SLC7A2,ZSWIM4,PCGF3,PHLDA1,COL27A1,CISH,SWAP70,ZBTB37,TICAM1,MAPKAPK3,CDK6,NFE2L2,SYNE2,ARL5B,ITGAV,PLEKHG2,VPS37C,IMPACT,ADORA2B,SLC25A10,ITGA5,RAB20,SH3BP1,P2RY2,SLC25A37,BSN,SLC11A2,RSAD1,TMEM63B,STXBP6,NBEAL1,CCDC122,CX3CL1,PCM1,UBXN7,SPTAN1,NXPE3,RHOG,RHOF,SREBF2,MICU3,TLR2,APBA3,MANEA,PPFIA3,TBC1D2B,GEM,COL4A2,UBA6,NDRG1,TMEM127,CAMTA2,ARHGAP31,BMP1,TNFAIP3,CXCL1,CXCL3,AFF4,FYCO1,LRRFIP2,TBC1D1,FCHSD2,MVD,PRRG4"
"gene_set_query"	"26"	"0.2203"	"TAL1_MELCELLLINE_MM9"	"TAL1"	"80"	"1904"	"2.404E-4"	"0.00332"	"1.578"	"ENCODE--ChIP-seq"	"SPI1,C3AR1,IER3,DAAM1,PDGFB,ST3GAL1,ZBTB7A,SLC16A10,AIRN,BTG2,MTMR12,RCSD1,KAT2A,ZEB2,PLCB3,CDC42EP2,PLEKHO2,MOCS1,BTAF1,MICALL2,PLAGL2,HIPK1,GTF2B,RNF19A,CISH,ZBTB37,TICAM1,CLEC4E,KMT2E,SRGAP2,SKIL,MOB1A,PTPRE,NFE2L2,ANKRD33B,SPN,PPP1R15A,DNAJB2,HECTD1,SH3BP1,SLC25A25,SEC24A,APOBR,PTPN6,SLC12A6,RSAD1,SDC1,PPP1R10,CCR3,NCOA4,RHOG,SREBF2,IL1B,SDE2,PTGER4,SEC23IP,ADAM17,AKNA,CSF2RB,TMEM123,TMEM127,IRAK2,NFKBIE,BRWD3,TNFAIP2,AFF4,LRRFIP2,SCYL2,KDM6B,ABCC5,TBC1D1,MVD,ASAP1,GNA13,LRIG2,GALNT7,ATP2B4,CLCN6,IRGQ,TNIP1"
"gene_set_query"	"27"	"0.2288"	"TFAP2C_HELAS3_HG19"	"TFAP2C"	"77"	"1822"	"2.569E-4"	"0.00346"	"1.587"	"ENCODE--ChIP-seq"	"MAPKBP1,ATF2,RBPJ,CAPN15,ZC3H12C,IL4I1,ATG3,PRKAB2,FRS2,NUP98,HMOX1,AGO3,REL,LITAF,PHF8,MYOF,SLC39A13,SLC39A14,CDYL2,GPRC5C,SGMS1,PTAFR,PTGS2,SLC7A2,CDC14A,SWAP70,USP3,SLC26A2,SKIL,NFE2L1,SYNE2,PSD3,ITGB8,PLEKHG2,SLC25A10,ITGA5,PPP1R15A,LENG8,MALT1,DNAJB2,HECTD1,P2RY2,SEC24A,MYO10,NECAP1,SH3D21,DNAJA2,MYO1G,RPS6KA4,IFRD1,SLC11A2,YOD1,TRIB1,TMTC3,RRAS,CD14,RALGDS,OSGIN2,GYS1,RHOG,RHOF,SREBF2,PTGER4,SERTAD2,SHOC2,SPRYD7,MANEA,IDI1,USP53,UBA6,STK4,ARHGAP27,ADGRE5,ABCC5,LRIG2,TAF15,IRGQ"
"gene_set_query"	"28"	"0.2373"	"MYC_NB4_HG19"	"MYC"	"78"	"1858"	"2.864E-4"	"0.00376"	"1.576"	"ENCODE--ChIP-seq"	"MAPKBP1,ATF2,MAML2,FNBP1L,ENO2,GJA1,C3AR1,PRKCG,MED1,DDX10,ARMC7,FRS2,HMOX1,REL,MED12,CDC42EP2,JDP2,FGD3,PLAGL2,LDLR,GTF2B,DACH1,KMT5B,TICAM1,CACNB1,TXLNB,FSCN1,SQSTM1,SLC26A2,HVCN1,RLF,SLC38A7,SOCS4,OSBPL3,MAFF,PLEKHM3,ANKRD33B,PTPN22,PTPN23,NCK1,VPS13D,VPS37C,ITGA5,PPP1R15A,GTF2A1,SH3BP1,TXNRD1,ERRFI1,RPS6KA4,RAB11FIP1,RALGDS,CCDC88B,SDC1,CSRNP1,CCR7,NXPE3,GRIPAP1,CTU1,IL1B,PAK4,VMP1,SEC23IP,APBA3,GEM,ABCG1,UBA6,CSF2RB,STK4,STAP1,CAMTA2,TAB2,KDM5C,AFF4,TTC37,ABCC5,AGPAT4,KDM4A,CLCN6"
"gene_set_query"	"29"	"0.2458"	"HNF4A_HEPG2_HG19"	"HNF4A"	"95"	"2396"	"4.929E-4"	"0.00556"	"1.485"	"ENCODE--ChIP-seq"	"RAVER1,MIR22HG,PRKCD,VOPP1,PDGFB,IL20RB,PRDM10,NR1D1,REL,PHF8,SH3BGRL2,SLC39A14,PLSCR1,RILPL2,RAPGEF5,PLAGL2,LDLR,NR1H3,HIPK1,TMCO6,AGRN,CDC14A,PIM1,PHLDA1,SLC39A4,COL27A1,CISH,USP3,MAPKAPK3,BCL2L11,SKIL,NADK,NFE2L1,NFE2L2,PTPN23,CCDC50,PLEKHG2,HMGCS1,VPS37C,ADORA2B,SLC25A10,NFAT5,ACSS2,NLRC4,HECTD1,BAHD1,P2RY2,LRRC8D,IGF2BP2,MYO1E,DNAJA2,ERRFI1,PWP1,RASSF4,TNS3,SLC11A2,RSAD1,RIN3,TRIB1,CD14,STXBP6,LIF,VASN,SDC1,CSRNP1,CX3CL1,HERPUD1,NCOA2,ZHX2,NCOA4,ZHX1,RDH5,SERTAD2,TBL1X,PAK4,SUSD2,GRHL1,VMP1,CARF,MANEA,ADAM17,UBA6,STK4,NDRG1,GRK3,TMEM127,EFNA2,TNFAIP3,CXCL2,ETV5,PRRG4,LRIG2,MAPK6,ACVR2A,CLCN6"
"gene_set_query"	"30"	"0.2542"	"ZNF263_K562_HG19"	"ZNF263"	"41"	"849"	"4.933E-4"	"0.00556"	"1.825"	"ENCODE--ChIP-seq"	"SPI1,FNBP1L,RAVER1,IER3,PRKAB2,EHD1,RCSD1,SLC39A13,FOS,RILPL2,AEBP2,JDP2,SGMS1,CDC14A,ATXN2L,KMT2E,IREB2,BCL2L11,NFE2L2,ANKRD33B,PTPN23,NCK2,LANCL2,SPACA6,TSPOAP1,EZR,PIK3R3,RRAS,OSGIN2,CSRNP1,KIF1B,NCOA2,ZHX1,ETS2,MYCL,TMEM123,GRK3,DENND4A,CAV1,FYCO1,FCHSD2"
"gene_set_query"	"31"	"0.2627"	"MYOG_MYOCYTE_MM9"	"MYOG"	"122"	"3208"	"5.037E-4"	"0.00556"	"1.422"	"ENCODE--ChIP-seq"	"ITSN2,RBPJ,ZC3H12A,MIR22HG,IER3,PRKAB2,RC3H1,FRS2,PDGFB,SLC5A3,HIF1A,HMOX1,ST3GAL1,EHD1,PPFIBP1,AGO3,HRC,BTG2,LITAF,SMPD3,GPR132,APPL1,DENND2A,FOS,SLC39A14,PLCB3,RILPL2,SGMS1,PLAGL2,SC5D,PCGF3,DCBLD2,GTF2B,RALGAPA2,MOB3B,CACNB1,TXLNB,DMTF1,BCL2L11,MOB1A,PLEKHM3,PTPN23,ARL5B,NCK2,NCK1,VPS9D1,VPS37A,ADORA2B,NFAT5,LENG8,NOD2,HECTD1,SH3BP1,P2RY2,SH3BP5,IGF2BP2,MYO10,TXNRD1,MYO1D,DNAJA2,TRIM36,SLC23A2,ERRFI1,LDLRAD4,IFRD1,RSAD1,ACSL4,RIN3,HECA,EZR,RRAD,LPAR1,RAB11FIP1,TRPM4,TNFSF15,OSGIN2,CCDC88B,NRP2,PPP1R10,HERPUD1,GYS1,AKAP13,PCM1,KIF1B,NXPE3,NCOA2,RHOF,SREBF2,SDE2,LIMA1,MYEF2,VMP1,RIPOR2,CD83,PRDM1,PVR,MANEA,ARHGAP35,TBC1D2B,GEM,NDRG1,TMEM123,KIF3B,TMEM127,IRAK2,KIF3C,PTCH1,HOOK3,TGFBI,NFKBIE,KDM5B,NGLY1,AFF4,ADGRE5,ABCC1,PTGIR,TBC1D1,MAPK8,LRIG2,TAF15,ACVR2A,CLCN6"
"gene_set_query"	"32"	"0.2712"	"STAT3_HELAS3_HG19"	"STAT3"	"73"	"1780"	"7.656E-4"	"0.00786"	"1.538"	"ENCODE--ChIP-seq"	"MAML2,MIR22HG,IER3,NUP98,IL20RB,BCL10,PIP5K1C,NR1D1,BTG2,LITAF,OLR1,APPL1,MYOF,FOS,LRRC41,PLSCR1,PTGS2,SLC7A2,PAPSS2,BTAF1,LDLR,TMCO6,CSF1,CTNND1,RNF19A,PIM1,RALGAPA2,USP3,SLC26A2,PTPRE,MAFF,NFE2L2,ITGB8,CCDC50,HMGCS1,ACSS2,MYO10,NECAP1,MYO1G,ERRFI1,ICAM1,RPS6KA4,RASSF4,SLC11A2,ACSL4,TRIB1,TSHZ1,PIK3R3,OSGIN2,SLC7A11,KIF1B,RHOF,IL1B,PTGER4,TBL1X,TM4SF19,TRIP11,PRDM1,COL4A5,ABCG1,USP53,NDRG1,HCAR2,DENND4A,BRWD3,CXCL2,AFF4,RGS16,HMGCR,MAPK6,KDM4A,TAF15,ATP2B4"
"gene_set_query"	"33"	"0.2797"	"MAX_NB4_HG19"	"MAX"	"75"	"1839"	"7.693E-4"	"0.00786"	"1.529"	"ENCODE--ChIP-seq"	"MAPKBP1,ATF2,PRKCG,ARMC7,FRS2,EHD1,AGO3,LYST,SMPD3,JDP2,PLAGL2,SC5D,LDLR,IL10RA,PCGF3,DCBLD2,CDC14A,DACH1,KMT5B,PHLDA1,CISH,TICAM1,MOB3B,CACNB1,TXLNB,MAPKAPK3,HVCN1,RLF,SLC38A7,SOCS4,OSBPL3,MAFF,MDM4,NFE2L1,VPS13D,PPP1R15A,LENG8,TXNRD1,NCKAP5L,NECAP1,ERRFI1,RASSF4,BSN,RIN3,HECA,EZR,TMTC2,PIK3R3,RALGDS,CCDC88B,GOLGB1,SDC1,CCR7,SPTAN1,GRIPAP1,IL17RD,SREBF2,IL1B,SERTAD2,PAK4,GRHL1,APBA3,GEM,ADAM17,ABCG1,DDX5,USP53,STAP1,KIF3C,NFKBID,KDM5C,LRRFIP2,ABCC5,ASAP1,ACVR1B"
"gene_set_query"	"34"	"0.2881"	"FOS_ENDOTHELIALCELLOFUMBILICALVEIN_HG19"	"FOS"	"74"	"1814"	"8.176E-4"	"0.00821"	"1.53"	"ENCODE--ChIP-seq"	"MAML2,ENO2,IL4I1,GJA1,RAVER1,C3AR1,PRKAB2,PLBD2,PDGFB,BCL10,FN1,NR1D1,SLC39A13,FOS,F3,LRRC41,AEBP2,PTGS2,MICALL2,SC5D,CSF1,RNF19A,PHLDA1,TICAM2,ZBTB37,DMTF1,SKIL,MAFF,MDM4,PTPN23,PIK3CG,PSTPIP2,ITGAX,CCDC50,HMGCS1,SLC25A10,ITGA5,NFAT5,DNAJB2,SLC25A25,SEC24A,TRIM36,ICAM1,RPS6KA4,IFRD1,HECA,NBEAL1,CSRNP1,SLC7A11,HERPUD1,XPO4,SPTAN1,IL1B,TBL1X,PLAT,RSBN1,ABCG1,DDX5,NDRG1,CAV1,ARHGAP31,NFKBIE,NGLY1,CXCL2,AFF4,ABCC1,ETV5,FCHSD2,ASAP1,AGPAT4,GNA13,PPP2R3A,CLCN6,IRGQ"
"gene_set_query"	"35"	"0.2966"	"GATA2_G1EER4_MM9"	"GATA2"	"45"	"996"	"0.001063"	"0.0103"	"1.702"	"ENCODE--ChIP-seq"	"MIR22HG,ATG3,ORAI2,PLBD2,MTDH,RRS1,HMOX1,CPEB4,FOS,STX6,SC5D,ZSWIM4,CDC14A,SLC26A2,SLC38A7,NADK,PTPN23,IMPACT,GTF2A1,DNAJB2,APOBR,SH3D21,CD247,ERRFI1,SLC12A6,YOD1,RAB11FIP1,RRAS,EGR2,LIF,PPP1R10,UBXN7,RHOF,RELB,SEC23IP,ARHGAP35,LZTFL1,STK4,TMEM127,PTGIR,PLEC,CAMK2A,KDM4B,CLCN6,TNIP1"
"gene_set_query"	"36"	"0.3051"	"TBP_CH12LX_MM9"	"TBP"	"69"	"1695"	"0.00121"	"0.0114"	"1.526"	"ENCODE--ChIP-seq"	"IL4I1,RAVER1,AFAP1,SLC5A3,HIF1A,PRRC2C,BTBD11,PPFIBP2,AIRN,PHF8,GPR132,FOS,PLEKHO2,MOCS1,PLAGL2,CCL22,IL10RA,CSF1,NCF1,TNF,MAPKAPK3,BCL2L11,RNF170,MDM4,PLEKHM3,PIK3CG,ARL5C,VPS37A,IMPACT,SLC25A10,PPP1R15A,GTF2A1,ACSS2,LENG8,NLRC4,DNAJB2,SEC24A,MYO1E,SLC25A37,NECAP1,ERRFI1,YOD1,TRIB1,EZR,RAB11FIP1,TNFSF15,VASN,GRAP,SLC35F6,XPO4,CTU1,TLR9,SPRYD7,ITCH,SEC23IP,TRIP11,NDRG1,DENND4A,KDM5B,NGLY1,SLC2A1,CHD6,ADGRE1,ABCC5,PARG,LRIG2,IRGQ,TNIP1,NAA15"
"gene_set_query"	"37"	"0.3136"	"TCF12_SKNSH_HG19"	"TCF12"	"35"	"744"	"0.001775"	"0.0156"	"1.776"	"ENCODE--ChIP-seq"	"RBPJ,MIR22HG,VOPP1,BCL10,PRDM10,TSLP,BTG2,COL10A1,ZEB2,PHLDB1,FSCN1,CDK6,ITGAV,TRAF1,MALT1,DNAJB2,TXNRD1,ERRFI1,RIN3,TRIB1,RRAD,VASN,CSRNP1,SLC7A11,RDH5,COL19A1,TBL1X,PRDM1,PDGFRB,VCAM1,CAV1,TGFBI,LRRFIP2,ASAP1,POLM"
"gene_set_query"	"38"	"0.322"	"SREBF1_HEPG2_HG19"	"SREBF1"	"24"	"455"	"0.002018"	"0.0171"	"2.003"	"ENCODE--ChIP-seq"	"HIF1A,NR1D1,SC5D,LDLR,PIM2,HMGCS1,VPS37C,ACSS2,ARRDC4,YOD1,ACSL4,PIK3R3,SREBF2,HSD17B7,PAK4,VMP1,UBE4B,LZTFL1,IDI1,KIF3C,MVD,HMGCR,MAPK6,CLCN6"
"gene_set_query"	"39"	"0.3305"	"MXI1_H1HESC_HG19"	"MXI1"	"70"	"1827"	"0.004486"	"0.0326"	"1.433"	"ENCODE--ChIP-seq"	"ITSN2,MED1,NUP98,BCL10,ABR,SLC16A10,EHD1,CDK12,LYST,SLC39A14,SGMS1,PTAFR,SC5D,HIPK1,TMCO6,RLIM,TMEM39A,CDC14A,PIM2,PHLDA1,CISH,USP3,MITF,MOB3B,CACNB1,SLC26A2,RLF,BCL2L11,SLC38A7,SOCS4,MDM4,PLEKHM3,PSD3,ITGAV,NCK1,VPS37C,IMPACT,SLC25A10,P2RY6,SEC24A,TXNRD1,SH3D21,DNAJA2,ARRDC4,ACSL4,HECA,LPAR1,TMTC2,PIK3R3,STK38L,SDC1,NRP2,LIMA1,MYEF2,SEC23IP,FPGT,LZTFL1,DPEP3,USP53,STK4,CAMTA2,KDM5C,AFF4,TTC37,ETV5,MVD,ASAP1,AGPAT4,VHL,NAA15"
"gene_set_query"	"40"	"0.339"	"GATA3_SKNSH_HG19"	"GATA3"	"44"	"1054"	"0.004825"	"0.0333"	"1.567"	"ENCODE--ChIP-seq"	"RBPJ,GJA1,MED1,FRS2,VOPP1,BCL10,PRDM10,TSLP,CDK12,APPL1,DUSP4,FOS,AEBP2,PAPSS2,FSCN1,IREB2,GPR85,ITGAV,MALT1,RAB20,SH3BP5,TXNRD1,ERRFI1,YOD1,RIN3,RRAD,HIVEP3,VASN,SLC7A11,NXPE3,COL19A1,TBL1X,TBC1D2B,GEM,USP53,IRAK2,VCAM1,CAV1,SELE,CHD6,CXCL2,TRPS1,LRRFIP2,ASAP1"
"gene_set_query"	"41"	"0.3475"	"GATA1_K562_HG19"	"GATA1"	"30"	"660"	"0.005567"	"0.0353"	"1.713"	"ENCODE--ChIP-seq"	"ITSN2,SPI1,FNBP1L,CMKLR1,DAAM1,PDGFB,PIP5K1C,BTG2,RCSD1,FOS,MICALL2,TMCO6,PHLDA1,CISH,MAPKAPK3,SPN,VPS37A,PPP1R15A,DNAJB2,SLC25A37,SH3D21,ARRDC4,STXBP6,RELB,SLC2A1,TNFAIP3,TRPS1,ABCC5,FCHSD2,POLM"
"gene_set_query"	"42"	"0.3559"	"PRDM1_HELAS3_HG19"	"PRDM1"	"58"	"1487"	"0.006043"	"0.0371"	"1.46"	"ENCODE--ChIP-seq"	"ATF2,MAML2,IL4I1,MIR22HG,BCL10,MTDH,PRRC2C,NR1D1,AGO3,REL,MTMR12,OLR1,IKBKE,DUSP4,SLC7A2,NR1H3,RLIM,CSF1,PIM1,PIM2,CISH,DMTF1,MAPKAPK3,CDK6,NFE2L2,CCDC50,NFAT5,ACSS2,NOD2,DNAJB2,RAB20,NCKAP5L,MYO1E,MYO1G,RASSF4,TRIB1,ZBED6,RALGDS,TNFSF15,LIF,GOLGB1,RHOF,ZHX1,HSD17B7,SHOC2,TBL1X,INPPL1,MYCL,COL4A5,NFKBID,BRWD3,ZMYND15,CXCL2,ASAP1,PRRG4,LRIG2,KDM4A,TAF15"
"gene_set_query"	"43"	"0.3644"	"TEAD4_A549_HG19"	"TEAD4"	"20"	"397"	"0.007199"	"0.0418"	"1.908"	"ENCODE--ChIP-seq"	"MIR22HG,IER3,DUSP4,JDP2,SLC7A2,FSCN1,KMT2E,CDK6,NFE2L2,PLEKHG2,HMGCS1,ERRFI1,TRIB1,RRAS,CSRNP1,SPTAN1,SERTAD2,TBL1X,PVR,CAV1"
"gene_set_query"	"44"	"0.3729"	"BATF_GM12878_HG19"	"BATF"	"30"	"676"	"0.007629"	"0.0437"	"1.67"	"ENCODE--ChIP-seq"	"RBPJ,C3AR1,GPR132,SLC39A13,TMEM39A,NCF1,TICAM2,ZBTB37,TXLNB,KMT2E,MAFF,PIK3CG,SPN,ITGB8,PPP1R12B,APOBR,STK38L,GRAP,HERPUD1,AKAP13,CCR7,CCR5,HSD17B7,PRDM1,LZTFL1,DENND4A,LRRFIP2,TBC1D1,MAPK6,POLM"
"gene_set_query"	"45"	"0.3814"	"FOSL1_K562_HG19"	"FOSL1"	"33"	"773"	"0.009287"	"0.0493"	"1.604"	"ENCODE--ChIP-seq"	"RBPJ,CAPN15,MIR22HG,CMKLR1,BCL10,NR1D1,SLC39A13,F3,SGMS1,MICALL2,PHLDB1,USP3,PSTPIP2,ITGAX,CCDC50,ITGA5,PPP1R15A,DNAJB2,SH3BP5,TSPOAP1,CD247,RPS6KA4,TRIB1,EZR,NBEAL1,CSRNP1,TM4SF19,DENND4A,KDM5B,TNFAIP3,MAPK6,CLCN6,NAA15"
"gene_set_query"	"46"	"0.3898"	"RFX5_IMR90_HG19"	"RFX5"	"21"	"435"	"0.009473"	"0.0498"	"1.824"	"ENCODE--ChIP-seq"	"MIR22HG,NUP98,PRDM10,MTMR12,HAS1,RAB6A,DSE,TRAF1,ADORA2A,PPP1R12B,NCKAP5L,RSAD1,PIK3R3,GOLGB1,AKAP13,CTU1,SHOC2,DENND4A,MVD,HMGCR,KDM4A"
"gene_set_query"	"47"	"0.3983"	"CTCFL_K562_HG19"	"CTCFL"	"78"	"2154"	"0.01042"	"0.0517"	"1.351"	"ENCODE--ChIP-seq"	"ZC3H12C,IER3,PRKCG,PRKAB2,NUP98,MTDH,PIP5K1C,ELL2,EHD1,DUSP4,PLCB3,HIPK1,ABI1,TMEM39A,KPNA3,USP3,FSCN1,KMT2E,BCL2L11,RNF170,RAB6A,SKIL,OSBPL3,MAFF,NFE2L2,PSD3,CCDC50,PLEKHG2,VPS13D,ADORA2B,LANCL2,SLC25A10,LENG8,HECTD1,BAHD1,TXNRD1,MYO1D,RSAD1,TRIM13,EZR,RRAD,RAB11FIP1,RALGDS,CSRNP1,PCM1,KIF1B,NCOA4,TSC22D2,RHOF,CTU1,LIMA1,SERTAD2,SPRYD7,APBA3,MANEA,ETS2,TBC1D2B,UBE4B,MYCL,ADAM17,DPEP3,UBA6,STK4,RASGRP1,TMEM123,CAMTA2,HOOK3,BMP1,TNFAIP3,CXCL1,CXCL3,CXCL2,ABCC5,FCHSD2,PLEC,LRIG2,TAF15,POLM"
"gene_set_query"	"48"	"0.4068"	"POU2F2_GM12891_HG19"	"POU2F2"	"59"	"1563"	"0.01048"	"0.0517"	"1.411"	"ENCODE--ChIP-seq"	"RBPJ,IL4I1,PRKAB2,NUP98,SLC5A3,RRS1,EHD1,PPFIBP1,AGO3,CPEB4,BTG2,FOS,STX6,CCL22,IL10RA,HIPK1,AHR,PIM2,PHLDA1,FSCN1,RLF,RAB6A,PLEKHM3,PTPN22,PTPN23,ARL5B,NCK1,VPS37C,VPS37A,TRAF1,PPP1R15A,RNF24,MYO1E,NECAP1,DNAJA2,PWP1,EZR,SLC7A11,XPO4,GRIPAP1,CTU1,VMP1,SEC23IP,APBA3,FPGT,RSBN1,GEM,IDI1,STK4,KDM5B,CHD6,AFF4,LRRFIP2,TTC37,PARG,RGS16,KDM4B,TAF15,POLM"
"gene_set_query"	"49"	"0.4153"	"FOSL2_SKNSH_HG19"	"FOSL2"	"20"	"412"	"0.01049"	"0.0517"	"1.835"	"ENCODE--ChIP-seq"	"RBPJ,VOPP1,BCL10,PRDM10,NR1D1,F3,SGMS1,MICALL2,ITGA5,ERRFI1,IFRD1,RIN3,TRIB1,EZR,RRAS,COL19A1,CAV1,KDM6B,ASAP1,MAPK6"
"gene_set_query"	"50"	"0.4237"	"NR3C1_A549_HG19"	"NR3C1"	"62"	"1661"	"0.01112"	"0.054"	"1.395"	"ENCODE--ChIP-seq"	"MIR22HG,IER3,PRKAB2,IL20RB,HMOX1,ST3GAL1,NR1D1,ELL2,CDK12,PHF8,PIP4P2,SLC39A13,FOS,GPRC5C,JDP2,PHLDB1,RNF19A,KPNA3,PHLDA1,USP3,FSCN1,KMT2E,IREB2,SKIL,OSBPL3,NFE2L2,ANKRD33B,ITGAV,PLEKHG2,HMGCS1,ITGA5,NFAT5,DNAJB2,HECTD1,MYO1G,ERRFI1,TNS3,IFRD1,TRIB1,LPAR1,TMTC2,RRAS,CD14,ZBED6,VASN,GRAP,CSRNP1,GYS1,SREBF2,RELB,TBL1X,TM4SF19,PRDM1,DDX5,NDRG1,CAV1,CXCL2,AFF4,ETV5,TBC1D1,PLEC,MAPK6"
"gene_set_query"	"51"	"0.4322"	"FOXA1_ECC1_HG19"	"FOXA1"	"19"	"395"	"0.01343"	"0.062"	"1.818"	"ENCODE--ChIP-seq"	"RAVER1,AFAP1,PRDM10,CDK12,SMPD3,FOS,LRRC41,RAPGEF5,ZSWIM4,PPP1R15A,SLC11A2,TRIB1,PIK3R3,HERPUD1,TBL1X,RASGEF1B,ETV5,FCHSD2,TAF15"
"gene_set_query"	"52"	"0.4407"	"ZNF143_HELAS3_HG19"	"ZNF143"	"67"	"1835"	"0.01348"	"0.062"	"1.363"	"ENCODE--ChIP-seq"	"ITSN2,ATF2,IL4I1,ARMC7,FRS2,ABR,EHD1,PPFIBP1,AGO3,LITAF,IKBKE,APPL1,KAT2A,RILPL2,SGMS1,HIPK1,DCBLD2,GTF2B,KMT5B,PIM2,MOB3B,SLC26A2,SLC38A7,MDM4,PLEKHM3,PTPN23,ARL5B,PSTPIP2,VPS37A,ITGA5,NFAT5,MALT1,LRRC8D,MYO1E,SLC25A37,NECAP1,MYO1G,ERRFI1,PWP1,BSN,TNS3,RSAD1,EZR,VASN,GOLGB1,SDC1,NRP2,UBXN7,NCOA2,ITCH,SEC23IP,TRIP11,APBA3,FPGT,LZTFL1,IRAK2,CAV1,KDM5B,NGLY1,CHD6,CXCL3,SCYL2,RGS16,GNA13,LRIG2,MAPK6,ATP2B4"
"gene_set_query"	"53"	"0.4492"	"CBX2_K562_HG19"	"CBX2"	"65"	"1781"	"0.01472"	"0.0655"	"1.362"	"ENCODE--ChIP-seq"	"ZC3H12C,HIF1A,RRS1,DNAH17,FN1,PRRC2C,SLC16A10,GPR132,OLR1,SH3BGRL2,APPL1,MYOF,FOS,F3,JDP2,PTGS2,SLC7A3,SC5D,CCL22,RLIM,DACH1,COL27A1,TXLNB,FBXO40,CDK6,ANKRD33B,ADRA1A,SYNE2,ITGB8,TRAF1,NOD2,MALT1,FNIP2,ERRFI1,RASSF4,HECA,HIVEP3,SDC1,KIF1B,CCR5,TLR2,PTGER4,COL19A1,RIPOR2,PRDM1,RTL5,ETS2,PDGFRB,GEM,MYCL,ABCG1,HCAR2,GRK3,SELE,CXCL1,MMP9,ETV5,TBC1D1,CAMK2A,ASAP1,ACVR1B,PRRG4,PPP2R3A,ACVR2A,REST"
"gene_set_query"	"54"	"0.4576"	"ZNF217_MCF7_HG19"	"ZNF217"	"53"	"1423"	"0.01761"	"0.0736"	"1.391"	"ENCODE--ChIP-seq"	"ITSN2,ATF2,PRKAB2,AFAP1,FRS2,PLBD2,NR1D1,EHD1,CDK12,BTG2,RARG,RCSD1,PIP4P2,IKBKE,FOS,STX6,NR1H3,RNF19A,PIM2,KMT2E,IREB2,SOCS4,PTPRE,NFE2L2,ARL5B,ITGB8,ITGAV,PLEKHG2,GTF2A1,IFRD1,SLC11A2,TRIB1,TMTC2,RRAS,TNFSF15,OSGIN2,COL18A1,UBXN7,ZHX2,ZHX1,RDH5,PTGER4,TBL1X,GRHL1,RSBN1,DDX5,USP53,HCAR2,TGFBI,ADGRE5,TRPS1,KDM4B,IRGQ"
"gene_set_query"	"55"	"0.4661"	"SRF_HEPG2_HG19"	"SRF"	"33"	"816"	"0.01864"	"0.0758"	"1.516"	"ENCODE--ChIP-seq"	"MAPKBP1,BCL10,SLC5A3,RRS1,ELL2,CDK12,SLC39A13,FOS,MICALL2,ZSWIM4,HIPK1,AGRN,CTNND1,RLF,NFE2L2,ADRA1A,PLEKHG2,VPS13D,LANCL2,LENG8,MLLT6,MYO1E,PWP1,SLC11A2,TSHZ1,RRAS,OSGIN2,LIMA1,INPPL1,CARF,TMEM123,CAMTA2,TTC37"
"gene_set_query"	"56"	"0.4746"	"E2F6_K562_HG19"	"E2F6"	"84"	"2432"	"0.02235"	"0.0831"	"1.287"	"ENCODE--ChIP-seq"	"ATF2,FNBP1L,IL4I1,IER3,ORAI2,VOPP1,NUP98,PRDM10,MTDH,RRS1,ZBTB7A,SLC16A10,EHD1,RCSD1,PLCB3,RILPL2,SC5D,IL10RA,PCGF3,DCBLD2,KPNA3,PHLDA1,USP3,CACNB1,DMTF1,SQSTM1,SLC26A2,FAM114A1,IREB2,SLC38A7,RNF170,RAB6A,SOCS4,OSBPL3,CDK6,MDM4,PLEKHM3,PTPN23,PSD3,ITGAV,SLC13A3,HMGCS1,VPS13D,VPS37C,SLC25A10,RAB20,FNIP2,TXNRD1,MYO1D,ARRDC4,TRIM13,EZR,TMTC3,RALGDS,NBEAL1,VASN,COL18A1,HERPUD1,SPTAN1,GABPA,NXPE3,SREBF2,LIMA1,TBL1X,VMP1,SEC23IP,PRDM1,LZTFL1,ADAM17,IDI1,USP53,NDRG1,RASGRP1,EFNA2,CXCL3,CXCL2,AFF4,LRRFIP2,TTC37,ACVR1B,LRIG2,TAF15,CLCN6,REST"
"gene_set_query"	"57"	"0.4831"	"NRF1_SKNSH_HG19"	"NRF1"	"65"	"1827"	"0.02306"	"0.084"	"1.327"	"ENCODE--ChIP-seq"	"MAML2,ENO2,IL4I1,AFAP1,EID3,DAAM1,SLC5A3,PRRC2C,NR1D1,EHD1,LYST,CDYL2,KAT2A,PLPPR2,SC5D,PCGF3,ABI1,TMEM39A,GTF2B,RNF19A,CISH,RALGAPA2,MAPKAPK3,RNF170,RAB6A,SOCS4,MOB1A,PTPN23,PSTPIP2,PPP1R12B,GTF2A1,NFAT5,MALT1,DNAJB2,RNF24,SLC25A37,ERRFI1,PWP1,RASSF4,BSN,ACSL4,HIVEP3,SDC1,PCM1,GABPA,NCOA4,IL17RD,CTU1,LIMA1,ITCH,SEC23IP,APBA3,LZTFL1,RSBN1,COL4A2,USP53,GRK3,NGLY1,ABCC5,ETV5,FCHSD2,MVD,HMGCR,MAPK6,REST"
"gene_set_query"	"58"	"0.4915"	"KDM5B_K562_HG19"	"KDM5B"	"64"	"1814"	"0.02745"	"0.0959"	"1.315"	"ENCODE--ChIP-seq"	"FNBP1L,MED1,VOPP1,PRDM10,ST3GAL1,NR1D1,PPFIBP1,AGO3,LITAF,SMPD3,PTGS2,ZSWIM4,PCGF3,TMEM39A,CSF1,CDC14A,USP3,TICAM1,RLF,OSBPL3,MOB1A,MDM4,PLEKHM3,PTPN22,ARL5B,NCK2,IL2RG,MALT1,HECTD1,LRRC8D,IGF2BP2,SEC24A,TXNRD1,SLC23A2,ICAM1,RASSF4,RIN3,TMTC3,PIK3R3,ZBED6,NBEAL1,NRP2,XPO4,CCR9,SREBF2,RDH5,MICU3,PTGER4,TRIP11,PVR,MANEA,ETS2,FPGT,PDGFRB,DENND4A,ARHGAP27,LRRFIP2,TTC37,RGS16,GNA13,LRIG2,TAF15,ACVR2A,IRGQ"
"gene_set_query"	"59"	"0.5"	"ELF1_K562_HG19"	"ELF1"	"45"	"1216"	"0.0284"	"0.0976"	"1.382"	"ENCODE--ChIP-seq"	"PRKCG,RRS1,PPFIBP2,AGO3,SH3BGRL2,PLPPR2,STX6,PLAGL2,RLIM,CSF1,PHLDA1,FSCN1,SLC38A7,RAB6A,PLEKHM3,NCK1,VPS13D,VPS37C,IMPACT,PPP1R12B,GTF2A1,TXNRD1,SLC25A37,PWP1,RPS6KA4,RSAD1,HECA,RAB11FIP1,STK38L,TRPM4,NXPE3,SPRYD7,ITCH,TRIP11,PRDM1,AMMECR1L,FPGT,ADAM17,IDI1,USP53,UBA6,IRAK2,CAMTA2,NGLY1,POLM"
"gene_set_query"	"60"	"0.5085"	"CEBPD_K562_HG19"	"CEBPD"	"26"	"638"	"0.03026"	"0.101"	"1.528"	"ENCODE--ChIP-seq"	"SPI1,NUP98,ZBTB7A,RCSD1,FOS,LRRC41,LDLR,USP3,ATXN2L,DMTF1,FSCN1,GPR85,OSBPL3,CDK6,NFE2L2,VPS37A,DNAJB2,TRIB1,SLC7A11,GRIPAP1,SREBF2,LZTFL1,DDX5,CXCL2,AFF4,ABCC5"
"gene_set_query"	"61"	"0.5169"	"NR2F2_MCF7_HG19"	"NR2F2"	"23"	"551"	"0.03133"	"0.102"	"1.567"	"ENCODE--ChIP-seq"	"IER3,ZBTB7A,RARG,MOCS1,GPRC5C,PCGF3,ZBTB37,SKIL,ANKRD28,PTPRE,NFE2L2,PPP1R12B,P2RY2,IFRD1,SLC11A2,OSGIN2,ZHX2,RHOF,PAK4,IDI1,DDX5,CAMTA2,ADGRE5"
"gene_set_query"	"62"	"0.5254"	"MYB_MELCELLLINE_MM9"	"MYB"	"24"	"594"	"0.03894"	"0.121"	"1.514"	"ENCODE--ChIP-seq"	"RCSD1,OLR1,PLXND1,RNF19A,SKIL,NFE2L2,SPN,VPS37A,ITGA5,FNIP2,SLC25A37,HECA,EZR,GYS1,SHOC2,CARF,DOCK10,RSBN1,KIF3B,KDM5B,KDM5C,TNFAIP2,ADGRE5,SCYL2"
"gene_set_query"	"63"	"0.5339"	"CUX1_GM12878_HG19"	"CUX1"	"63"	"1845"	"0.0473"	"0.138"	"1.272"	"ENCODE--ChIP-seq"	"ITSN2,MAPKBP1,SPI1,PRKAB2,ARMC7,NUP98,BCL10,PRDM10,HIF1A,HMOX1,AGO3,LYST,LRRC41,PELI3,PLAGL2,SC5D,TMCO6,TMEM39A,KPNA3,MOB3B,DMTF1,FSCN1,RAB6A,MOB1A,PLEKHM3,SPN,DSE,HMGCS1,VPS13D,ADORA2A,NOD2,IL2RG,DNAJB2,MYO1E,PTPN6,ICAM1,TRIB1,TSHZ1,TMTC3,GOLGB1,SLC7A11,XPO4,GABPA,ZHX2,SPRYD7,SEC23IP,PRDM1,ETS2,RSBN1,ADAM17,ABCG1,STK4,RASGRP1,KDM5C,NGLY1,SLC2A1,ADGRE5,TTC37,PTGIR,MVD,AGPAT4,MAPK6,NAA15"
"gene_set_query"	"64"	"0.5424"	"RXRA_SKNSH_HG19"	"RXRA"	"7"	"121"	"0.04769"	"0.138"	"2.209"	"ENCODE--ChIP-seq"	"MIR22HG,IER3,ZSWIM4,SKIL,RIN3,RRAD,ASAP1"
"gene_set_query"	"65"	"0.5508"	"REST_MYOCYTE_MM9"	"REST"	"62"	"1816"	"0.04869"	"0.14"	"1.271"	"ENCODE--ChIP-seq"	"ITSN2,ENO2,RC3H1,DDX10,VOPP1,SLC5A3,ST3GAL1,SLC16A10,ELL2,EHD1,LITAF,SMPD3,BGN,SLC39A13,LRRC41,PTGS2,BTAF1,SC5D,LDLR,ABI1,GTF2B,CDC14A,RNF19A,PIM1,KMT5B,SQSTM1,SKIL,PLEKHM3,PTPN23,ARL5B,NCK2,NCK1,VPS9D1,VPS37A,ADORA2B,DNAJA2,TRIM36,SLC23A2,ERRFI1,TNS3,TRIB1,COL18A1,AKAP13,KIF1B,SDE2,COL4A2,DDX5,USP53,STK4,IRAK2,HOOK3,KDM5B,KDM5C,NGLY1,TNFAIP2,SCYL2,ABCC1,ETV5,RGS16,MAPK8,MAPK6,TAF15"
"gene_set_query"	"66"	"0.5593"	"STAT1_HELAS3_HG19"	"STAT1"	"32"	"856"	"0.04898"	"0.14"	"1.397"	"ENCODE--ChIP-seq"	"FOS,PLSCR1,PTGS2,SLC7A2,PAPSS2,LDLR,TMCO6,CSF1,CTNND1,PIM2,CISH,CACNB1,MAPKAPK3,KMT2E,AK4,MAFF,PLEKHG2,RNF24,DNAJA2,ICAM1,RPS6KA4,SLC11A2,OSGIN2,CLEC9A,PTGER4,TBL1X,PVR,DENND4A,CXCL2,ABCC5,ASAP1,TAF15"
"gene_set_query"	"67"	"0.5678"	"NFE2_GM12878_HG19"	"NFE2"	"63"	"1854"	"0.05085"	"0.143"	"1.265"	"ENCODE--ChIP-seq"	"IL4I1,MIR22HG,DDX10,ORAI2,PLBD2,HIF1A,MTDH,HMOX1,PRRC2C,NR1D1,PPFIBP2,CDK12,DUSP4,LRRC41,STX6,SC5D,TMEM39A,GTF2B,KPNA3,ZBTB37,SLC26A2,RLF,SLC38A7,SOCS4,MAFF,NFE2L1,PTPN23,ARL5B,VPS37C,ADORA2A,PPP1R12B,GTF2A1,LRRC8D,NECAP1,ICAM1,TRIB1,TSHZ1,SLC7A11,HERPUD1,PCM1,GABPA,CTU1,RELB,SEC23IP,UBE4B,LZTFL1,GEM,DDX5,STK4,STAP1,KDM5C,TNFAIP3,AFF4,ADGRE5,TRPS1,TTC37,AGPAT4,GNA13,KDM4A,KDM4B,TAF15,CLCN6,NAA15"
"gene_set_query"	"68"	"0.5763"	"FOXA2_A549_HG19"	"FOXA2"	"45"	"1276"	"0.05327"	"0.146"	"1.315"	"ENCODE--ChIP-seq"	"ATF2,IER3,PRKAB2,DAAM1,NUP98,FLRT3,CDK12,IKBKE,CDYL2,PLSCR1,SGMS1,PTGS2,STX6,PIM2,SWAP70,USP3,MITF,SLC26A2,IREB2,BCL2L11,PTPRE,PLEKHM3,PSD3,VPS37C,PPP1R15A,NFAT5,DNAJB2,TXNRD1,PWP1,UBXN7,SREBF2,TBL1X,PAK4,IDI1,USP53,NDRG1,KIF3B,CAV1,PTCH1,KDM5B,NGLY1,CXCL2,ETV5,MVD,TAF15"
"gene_set_query"	"69"	"0.5847"	"ESR1_ECC1_HG19"	"ESR1"	"22"	"554"	"0.05346"	"0.146"	"1.487"	"ENCODE--ChIP-seq"	"ITSN2,RAVER1,PRDM10,ZBTB7A,EHD1,LITAF,JDP2,PAPSS2,SKIL,ITGB8,TNS3,SLC11A2,LPAR1,PIK3R3,TNFSF15,RHOF,GRHL1,PLAT,ABCG1,AKNA,RASGEF1B,GALNT7"
"gene_set_query"	"70"	"0.5932"	"BACH1_K562_HG19"	"BACH1"	"61"	"1814"	"0.0621"	"0.162"	"1.252"	"ENCODE--ChIP-seq"	"MAPKBP1,RBPJ,IL4I1,RAVER1,PRDM10,MTDH,NR1D1,EHD1,BTG2,SH3BGRL2,FOS,LRRC41,RILPL2,LDLR,IL10RA,TICAM2,USP3,TICAM1,DMTF1,FSCN1,RAB6A,SOCS4,NFE2L2,HMGCS1,VPS37C,ADORA2B,PPP1R12B,PPP1R15A,NFAT5,LENG8,DNAJB2,TSPOAP1,ICAM1,RPS6KA4,IFRD1,RSAD1,TSHZ1,PIK3R3,RAB11FIP1,OSGIN2,SLC7A11,GYS1,CTU1,TBL1X,SPRYD7,UBE4B,RSBN1,STK4,TMEM127,DENND4A,HOOK3,KDM5B,KDM5C,NGLY1,SLC2A1,CXCL2,RASGEF1B,TTC37,LRIG2,MAPK6,TAF15"
"gene_set_query"	"71"	"0.6017"	"EBF1_GM12878_HG19"	"EBF1"	"87"	"2676"	"0.06243"	"0.162"	"1.209"	"ENCODE--ChIP-seq"	"ITSN2,MAPKBP1,RBPJ,IER3,ARMC7,FRS2,DAAM1,NUP98,PLBD2,BCL10,ABR,HMOX1,PPFIBP1,PPFIBP2,PIP4P2,GPR132,DUSP4,KAT2A,RILPL2,JDP2,PLAGL2,IL10RA,TMCO6,ABI1,CSF1,GTF2B,PIM2,KPNA3,FSCN1,HVCN1,MDM4,PLEKHM3,NFE2L2,ITGAM,PTPN22,PTPN23,SPN,ARL5B,DSE,HMGCS1,PPP1R15A,GTF2A1,NFAT5,DNAJB2,LRRC8D,TXNRD1,APOBR,MYO1E,CCDC88B,CCR7,NXPE3,ZHX2,NCOA4,RHOG,CTU1,VMP1,SEC23IP,APBA3,MANEA,FPGT,PDGFRB,LZTFL1,GEM,ADAM17,IDI1,USP53,STK4,RASGRP1,STAP1,NLRP3,CAMTA2,VCAM1,CAV1,ARHGAP31,KDM5B,NGLY1,CHD6,AFF4,FYCO1,ADGRE5,LRRFIP2,SCYL2,TTC37,ETV5,TBC1D1,PARG,LRIG2"
"gene_set_query"	"72"	"0.6102"	"E2F4_MCF10A_HG19"	"E2F4"	"61"	"1839"	"0.07493"	"0.186"	"1.234"	"ENCODE--ChIP-seq"	"ITSN2,ATF2,FNBP1L,IL20RB,HIF1A,PRRC2C,NR1D1,EHD1,PPFIBP1,SH3BGRL2,LRRC41,CDC42EP2,PLPPR2,PTAFR,PTGS2,BTAF1,SC5D,ABI1,PHLDA1,SLC26A2,SLC38A7,RNF170,PTPRE,NFE2L1,NFE2L2,PTPN22,PPP1R15A,SLC11A2,YOD1,ACSL4,RIN3,HECA,EZR,TRPM4,SDC1,NRP2,PCM1,XPO4,UBXN7,NXPE3,TSC22D2,RHOF,HSD17B7,GRHL1,VMP1,MAMLD1,PLAT,FPGT,RSBN1,ADAM17,IDI1,RASGRP1,CAV1,KDM5C,CHD6,FYCO1,RASGEF1B,TRPS1,ABCC5,GNA13,MAPK6"
"gene_set_query"	"73"	"0.6186"	"SREBF2_GM12878_HG19"	"SREBF2"	"15"	"366"	"0.0783"	"0.192"	"1.537"	"ENCODE--ChIP-seq"	"PRDM10,RRS1,SLC39A13,SC5D,LDLR,DMTF1,PLEKHG2,HMGCS1,SREBF2,IDI1,TMEM127,BRWD3,MVD,HMGCR,CLCN6"
"gene_set_query"	"74"	"0.6271"	"MAFF_K562_HG19"	"MAFF"	"60"	"1814"	"0.0795"	"0.194"	"1.23"	"ENCODE--ChIP-seq"	"ATF2,RBPJ,GJA1,C3AR1,MED1,ARMC7,IL20RB,PRDM10,EHD1,PPFIBP1,CDK12,IKBKE,FOS,LRRC41,PLSCR1,HIPK1,TMCO6,ABI1,CSF1,CTNND1,FBXO40,SOCS4,MOB1A,MAFF,NFE2L2,DSE,SLC13A3,HMGCS1,PPP1R12B,PPP1R15A,DNAJB2,NECAP1,IFRD1,RSAD1,YOD1,TRIB1,TMTC3,PIK3R3,STK38L,SLC7A11,UBXN7,GABPA,GRIPAP1,NCOA4,CTU1,TBL1X,TM4SF19,VMP1,CD80,LZTFL1,RSBN1,TMEM127,KDM5C,NGLY1,CHD6,ADGRE1,TRPS1,TTC37,MMP9,ATP2B4"
"gene_set_query"	"75"	"0.6356"	"ELK1_HELAS3_HG19"	"ELK1"	"60"	"1844"	"0.09815"	"0.222"	"1.21"	"ENCODE--ChIP-seq"	"ATF2,ZC3H12A,IER3,MED1,ARMC7,FRS2,DAAM1,NUP98,PLBD2,SLC5A3,ABR,ELL2,PPFIBP1,AGO3,MED12,IKBKE,RILPL2,PTAFR,HIPK1,GTF2B,AHR,CISH,ZBTB37,MAPKAPK3,RLF,SLC38A7,VPS13D,VPS37C,VPS37A,IMPACT,GTF2A1,SEC24A,TXNRD1,MYO1E,NECAP1,ERRFI1,SLC12A6,YOD1,ACSL4,RAB11FIP1,CSRNP1,HERPUD1,UBXN7,LIMA1,SPRYD7,SEC23IP,MAMLD1,FPGT,RSBN1,IDI1,TMEM123,IRAK2,NGLY1,CHD6,LRRFIP2,ETV5,LRIG2,MAPK6,POLM,ATP2B4"
"gene_set_query"	"76"	"0.6441"	"E2F1_HELAS3_HG19"	"E2F1"	"60"	"1854"	"0.105"	"0.233"	"1.203"	"ENCODE--ChIP-seq"	"ENO2,ZC3H12C,IER3,NUP98,SLC5A3,PRDM10,HIF1A,APPL1,F3,PLSCR1,PTGS2,SLC7A2,BTAF1,PLAGL2,RLIM,RNF19A,PIM1,KPNA3,PHLDA1,RALGAPA2,SWAP70,TICAM1,ATXN2L,DMTF1,FAM114A1,BCL2L11,SKIL,SOCS4,NFE2L2,SYNE2,PSD3,ITGAV,NCK1,SLC25A10,GTF2A1,MALT1,SLC25A25,RPS6KA4,SLC12A6,TNS3,RSAD1,TRIM13,TRIB1,RALGDS,XPO4,SPTAN1,SREBF2,SERTAD2,TRIP11,PVR,MANEA,TBC1D2B,IDI1,STK4,CXCL2,FCHSD2,ASAP1,PRRG4,GNA13,MAPK6"
"gene_set_query"	"77"	"0.6525"	"PBX3_A549_HG19"	"PBX3"	"63"	"1958"	"0.1072"	"0.235"	"1.196"	"ENCODE--ChIP-seq"	"IL4I1,MIR22HG,IER3,PRKAB2,ARMC7,NUP98,HIF1A,HMOX1,EHD1,PPFIBP1,CPEB4,MTMR12,APPL1,DUSP4,SLC39A13,FOS,KAT2A,ZSWIM4,TMCO6,ZBTB37,ATXN2L,FSCN1,SLC26A2,SKIL,OSBPL3,MOB1A,PLEKHM3,NFE2L1,PTPN23,NCK1,HMGCS1,ADORA2B,PPP1R15A,NFAT5,DNAJB2,SLC25A37,RASSF4,SLC12A6,ARRDC4,RSAD1,TRIM13,TRIB1,GYS1,AKAP13,KIF1B,NXPE3,SREBF2,RELB,TBL1X,INPPL1,ADAM17,COL4A5,IDI1,NDRG1,KDM5B,KDM5C,CHD6,AFF4,ETV5,HMGCR,MAPK6,KDM4A,CLCN6"
"gene_set_query"	"78"	"0.661"	"CREB1_H1HESC_HG19"	"CREB1"	"56"	"1731"	"0.1132"	"0.244"	"1.203"	"ENCODE--ChIP-seq"	"MAPKBP1,EID3,NUP98,PLBD2,PRDM10,FLRT3,ZBTB7A,NR1D1,AGO3,SMPD3,PTGS2,SLC7A3,SC5D,LDLR,HIPK1,GTF2B,RNF19A,PIM2,USP3,CACNB1,SLC26A2,RLF,SLC38A7,MAFF,PTPN23,ARL5B,VPS13D,PPP1R15A,SLC25A37,NECAP1,DNAJA2,ERRFI1,PWP1,HECA,TMTC3,PIK3R3,STK38L,PCM1,XPO4,ZHX2,LIMA1,VMP1,FPGT,GEM,DPEP3,IDI1,UBA6,CAMTA2,KDM5B,CHD6,CXCL2,AFF4,FYCO1,MAPK6,KDM4A,CLCN6"
"gene_set_query"	"79"	"0.6695"	"ZBTB33_SKNSH_HG19"	"ZBTB33"	"38"	"1135"	"0.1174"	"0.25"	"1.246"	"ENCODE--ChIP-seq"	"ATF2,RBPJ,MED1,EHD1,CDK12,PHF8,APPL1,PLSCR1,ABI1,ATXN2L,IREB2,MOB1A,MAFF,DSE,HMGCS1,PPP1R12B,PPP1R15A,GTF2A1,NFAT5,NECAP1,YOD1,RRAS,STK38L,CCDC122,PCM1,NCOA4,ZHX1,MICU3,MYEF2,VMP1,CARF,USP53,TMEM127,TAB2,AFF4,ETV5,VHL,ACVR2A"
"gene_set_query"	"80"	"0.678"	"IRF4_GM12878_HG19"	"IRF4"	"55"	"1715"	"0.1274"	"0.267"	"1.192"	"ENCODE--ChIP-seq"	"MAPKBP1,RBPJ,ZC3H12C,IL4I1,ATG3,RRS1,PPFIBP1,PPFIBP2,CDK12,FCRL5,SLC39A13,PLSCR1,NR1H3,TMEM39A,NCF1,TICAM2,ZBTB37,TICAM1,ATXN2L,TXLNB,SOCS4,NADK,NFE2L1,PTPN22,ARL5B,ITGB8,TSPOAP1,PWP1,ICAM1,TRIB1,TMTC3,PIK3R3,GRAP,HERPUD1,AKAP13,PCM1,CCR5,GABPA,RHOF,SREBF2,HSD17B7,TBL1X,CARF,AMMECR1L,GEM,DDX5,CAMTA2,DENND4A,KDM5C,FYCO1,ADGRE5,TBC1D1,FCHSD2,PARG,TAF15"
"gene_set_query"	"81"	"0.6864"	"SP1_HCT116_HG19"	"SP1"	"47"	"1458"	"0.139"	"0.282"	"1.198"	"ENCODE--ChIP-seq"	"RBPJ,CAPN15,MIR22HG,NUP98,IL20RB,HIF1A,NR1D1,PPFIBP1,MTMR12,SGMS1,ZSWIM4,LDLR,DCBLD2,GTF2B,CTNND1,PHLDA1,RALGAPA2,USP3,ATXN2L,RAB6A,NFE2L2,HMGCS1,MALT1,SLC25A25,ARRDC4,IFRD1,HECA,PIK3R3,RRAS,GOLGB1,SLC7A11,GYS1,KIF1B,SREBF2,TBL1X,ABCG1,IDI1,UBA6,DENND4A,BRWD3,CHD6,ETV5,HMGCR,KDM4A,KDM4B,ATP2B4,PPP2R3A"
"gene_set_query"	"82"	"0.6949"	"NFYA_HELAS3_HG19"	"NFYA"	"58"	"1834"	"0.1421"	"0.285"	"1.175"	"ENCODE--ChIP-seq"	"MAPKBP1,ZC3H12A,AFAP1,DDX10,DAAM1,NUP98,PLBD2,ABR,NR1D1,ELL2,EHD1,PPFIBP1,SLC39A14,PLSCR1,PLCB3,CDC42EP2,PTAFR,PTGS2,MICALL2,SC5D,CDC14A,RNF19A,PIM2,DMTF1,IREB2,MOB1A,DSE,PSD3,VPS37C,VPS37A,SLC25A10,PPP1R15A,MYO1E,NECAP1,DNAJA2,ERRFI1,SLC12A6,SLC11A2,RSAD1,ACSL4,PIK3R3,RAB11FIP1,STK38L,VASN,GOLGB1,XPO4,NXPE3,SPRYD7,GRHL1,VMP1,LZTFL1,RSBN1,CAMTA2,KDM5C,CHD6,TTC37,KDM4A,POLM"
"gene_set_query"	"83"	"0.7034"	"ATF2_GM12878_HG19"	"ATF2"	"48"	"1502"	"0.149"	"0.294"	"1.187"	"ENCODE--ChIP-seq"	"SPI1,IL4I1,MED1,DAAM1,NUP98,FLRT3,RRS1,EHD1,AGO3,CDK12,FOS,CCL22,IL10RA,GTF2B,CTNND1,TICAM1,TXLNB,FSCN1,SOCS4,MOB1A,MAFF,MDM4,PLEKHM3,NFE2L2,PTPN22,PPP1R15A,GTF2A1,SLC25A37,NECAP1,MYO1G,YOD1,TSHZ1,TMTC3,SLC7A11,NCOA4,VMP1,LZTFL1,RSBN1,GEM,ADAM17,CSF2RB,KDM5C,NGLY1,AFF4,FYCO1,TRPS1,TTC37,AGPAT4"
"gene_set_query"	"84"	"0.7119"	"ZEB1_GM12878_HG19"	"ZEB1"	"27"	"803"	"0.1559"	"0.3"	"1.251"	"ENCODE--ChIP-seq"	"ITSN2,MAPKBP1,HIF1A,MTDH,CDK12,BTG2,SLC39A14,PLCB3,RILPL2,CCL22,SLC26A2,OSBPL3,VPS13D,ADORA2A,MYO1D,EZR,CSRNP1,CCR7,SPTAN1,LIMA1,MYEF2,DDX5,USP53,UBA6,RASGRP1,RGS16,PRRG4"
"gene_set_query"	"85"	"0.7203"	"YY1_SKNSH_HG19"	"YY1"	"81"	"2657"	"0.1694"	"0.314"	"1.131"	"ENCODE--ChIP-seq"	"ITSN2,MAPKBP1,ZC3H12A,MED1,PRKAB2,FRS2,DAAM1,PRDM10,FLRT3,RRS1,PRRC2C,EHD1,BTG2,SH3BGRL2,FOS,KAT2A,AEBP2,SGMS1,PLAGL2,SC5D,HIPK1,TMCO6,RLIM,TMEM39A,CDC14A,KMT5B,KPNA3,USP3,CACNB1,FSCN1,KMT2E,SLC38A7,PTPRE,MDM4,PLEKHM3,NFE2L1,PSD3,VPS13D,PPP1R12B,PPP1R15A,GTF2A1,DNAJB2,SLC25A37,NECAP1,ERRFI1,RPS6KA4,BSN,SLC12A6,TNS3,RSAD1,NRP2,GYS1,PCM1,NCOA2,GRIPAP1,SREBF2,PAK4,ITCH,SEC23IP,APBA3,UBE4B,DDX5,UBA6,STK4,IRAK2,CAMTA2,DENND4A,KDM5B,NGLY1,SLC2A1,CHD6,AFF4,FYCO1,ABCC5,ETV5,AGPAT4,GNA13,LRIG2,MAPK6,TAF15,CLCN6"
"gene_set_query"	"86"	"0.7288"	"GTF2B_K562_HG19"	"GTF2B"	"57"	"1855"	"0.1949"	"0.346"	"1.14"	"ENCODE--ChIP-seq"	"SPI1,IER3,DDX10,FRS2,BCL10,SLC5A3,ZBTB7A,PRRC2C,AGO3,REL,CPEB4,SH3BGRL2,FOS,CDC42EP2,LDLR,HIPK1,RLIM,RNF19A,PIM2,FSCN1,FAM114A1,RLF,BCL2L11,SOCS4,CDK6,MDM4,PLEKHM3,NFE2L2,PPP1R15A,NFAT5,RNF24,NECAP1,DNAJA2,ERRFI1,SLC11A2,YOD1,TRIB1,EZR,RAB11FIP1,STK38L,VASN,CSRNP1,SPTAN1,GABPA,VMP1,ITCH,FPGT,NDRG1,KDM5B,KDM5C,FYCO1,TRPS1,LRRFIP2,GNA13,MAPK6,KDM4B,ATP2B4"
"gene_set_query"	"87"	"0.7373"	"HNF4G_HEPG2_HG19"	"HNF4G"	"18"	"556"	"0.2568"	"0.431"	"1.203"	"ENCODE--ChIP-seq"	"VOPP1,PHF8,SLC39A14,NFE2L2,CCDC50,HMGCS1,IGF2BP2,ERRFI1,PWP1,TNS3,CSRNP1,CX3CL1,NCOA2,NCOA4,SERTAD2,PAK4,UBA6,ETV5"
"gene_set_query"	"88"	"0.7458"	"FOXM1_ECC1_HG19"	"FOXM1"	"17"	"525"	"0.2639"	"0.437"	"1.204"	"ENCODE--ChIP-seq"	"IER3,NUP98,MYOF,FOS,LDLR,PIM1,KMT2E,NFE2L2,ITGB8,GTF2A1,MALT1,TSHZ1,PIK3R3,SLC7A11,TBL1X,PAK4,RASGEF1B"
"gene_set_query"	"89"	"0.7542"	"IRF1_K562_HG19"	"IRF1"	"121"	"4204"	"0.2806"	"0.45"	"1.066"	"ENCODE--ChIP-seq"	"ITSN2,SPI1,FNBP1L,ZC3H12A,C3AR1,IER3,MED1,PRKAB2,AFAP1,ARMC7,FRS2,ORAI2,NUP98,PLBD2,HIF1A,RRS1,ZBTB7A,PRRC2C,ELL2,EHD1,PPFIBP2,HRC,CDK12,MED12,FOS,LRRC41,PLSCR1,PLCB3,RILPL2,CDC42EP2,PLPPR2,STX6,SC5D,LDLR,HIPK1,ABI1,RLIM,CSF1,GTF2B,CTNND1,RNF19A,KMT5B,PIM2,ZBTB37,TICAM1,MOB3B,FSCN1,KMT2E,SLC26A2,FAM114A1,DSEL,SLC38A7,RNF170,SKIL,SOCS4,CDK6,PLEKHM3,NFE2L1,PTPN23,VPS13D,VPS37C,IMPACT,PPP1R15A,GTF2A1,LENG8,TXNRD1,MYO1D,SLC25A37,NECAP1,DNAJA2,PTPN6,ERRFI1,PWP1,RPS6KA4,IFRD1,SLC11A2,RSAD1,ACSL4,TRIB1,EZR,TSHZ1,PIK3R3,RAB11FIP1,STXBP6,TRPM4,VASN,GOLGB1,CSRNP1,XPO4,UBXN7,SPTAN1,GRIPAP1,NCOA4,CTU1,SPRYD7,VMP1,ITCH,SEC23IP,APBA3,PRDM1,MANEA,UBE4B,LZTFL1,IDI1,USP53,STK4,IRAK2,CAMTA2,KDM5B,KDM5C,CHD6,FYCO1,TRPS1,LRRFIP2,TTC37,AGPAT4,GNA13,LRIG2,MAPK6,KDM4A,KDM4B"
"gene_set_query"	"90"	"0.7627"	"MEF2C_GM12878_HG19"	"MEF2C"	"5"	"135"	"0.3041"	"0.478"	"1.383"	"ENCODE--ChIP-seq"	"SLC39A13,TXLNB,KMT2E,DNAJB2,TSPOAP1"
"gene_set_query"	"91"	"0.7712"	"NFATC1_GM12878_HG19"	"NFATC1"	"41"	"1407"	"0.3443"	"0.514"	"1.08"	"ENCODE--ChIP-seq"	"ITSN2,MAPKBP1,MAML2,IER3,PRKAB2,REL,CDK12,BTG2,GPR132,RILPL2,TMEM39A,PIM2,TICAM2,TICAM1,ATXN2L,DMTF1,FSCN1,MDM4,PLEKHM3,NFE2L2,PTPN22,DSE,ITGAV,GTF2A1,IL2RG,NECAP1,SH3D21,TRIB1,HERPUD1,PCM1,CCR5,GABPA,SREBF2,LZTFL1,RSBN1,GEM,ADAM17,IDI1,STAP1,KDM5C,NGLY1"
"gene_set_query"	"92"	"0.7797"	"NR2C2_K562_HG19"	"NR2C2"	"11"	"355"	"0.3693"	"0.536"	"1.15"	"ENCODE--ChIP-seq"	"FRS2,HIPK1,VPS13D,IMPACT,DNAJA2,GOLGB1,GABPA,PAK4,CARF,LRRFIP2,TTC37"
"gene_set_query"	"93"	"0.7881"	"ZNF274_K562_HG19"	"ZNF274"	"26"	"887"	"0.3716"	"0.536"	"1.086"	"ENCODE--ChIP-seq"	"IER3,CMKLR1,PRRC2C,BTG2,RCSD1,RNF19A,ZBTB37,DMTF1,FSCN1,KMT2E,NFE2L2,HMGCS1,PPP1R15A,DNAJB2,TSPOAP1,SLC25A37,PTPN6,RAB11FIP1,NCOA4,RHOF,SHOC2,IDI1,DDX5,TMEM127,POLM,CLCN6"
"gene_set_query"	"94"	"0.7966"	"ARID3A_K562_HG19"	"ARID3A"	"53"	"1857"	"0.3741"	"0.536"	"1.057"	"ENCODE--ChIP-seq"	"MAPKBP1,SPI1,MAML2,C3AR1,ARMC7,SLC5A3,MTDH,RRS1,NR1D1,EHD1,FOS,MICALL2,PLAGL2,LDLR,HIPK1,CTNND1,PHLDA1,USP3,ZBTB37,FSCN1,GPR85,OSBPL3,MDM4,PLEKHM3,PTPN23,PSTPIP2,DSE,VPS13D,VPS37A,LANCL2,DNAJB2,LRRC8D,SLC25A37,NECAP1,PWP1,RSAD1,TRIB1,TSHZ1,RAB11FIP1,STK38L,OSGIN2,SPTAN1,ADAM17,TMEM127,CAMTA2,KDM5C,CHD6,TRPS1,LRRFIP2,TTC37,RGS16,POLM,CLCN6"
"gene_set_query"	"95"	"0.8051"	"FOXP2_PFSK1_HG19"	"FOXP2"	"5"	"152"	"0.3946"	"0.56"	"1.223"	"ENCODE--ChIP-seq"	"ZC3H12A,RLIM,FSCN1,FAM114A1,SREBF2"
"gene_set_query"	"96"	"0.8136"	"STAT5A_GM12878_HG19"	"STAT5A"	"35"	"1230"	"0.4098"	"0.579"	"1.053"	"ENCODE--ChIP-seq"	"MAPKBP1,ATF2,MAML2,IL4I1,SLC5A3,RRS1,ST3GAL1,AGO3,KAT2A,CSF1,GTF2B,CTNND1,RNF19A,TICAM2,RLF,PTPN22,PPP1R12B,NECAP1,PWP1,TRIB1,EZR,TSHZ1,SDC1,SEC23IP,TRIP11,APBA3,CD80,UBE4B,RSBN1,UBA6,TMEM123,CAMTA2,LRRFIP2,MAPK6,TAF15"
"gene_set_query"	"97"	"0.822"	"RUNX3_GM12878_HG19"	"RUNX3"	"43"	"1540"	"0.443"	"0.617"	"1.033"	"ENCODE--ChIP-seq"	"MAPKBP1,MED1,DDX10,FRS2,EID3,PLBD2,ABR,REL,CDK12,FOS,CDYL2,LDLR,TMCO6,KMT5B,PIM2,SWAP70,TXLNB,RAB6A,MOB1A,NFE2L1,ITGAM,NFAT5,LENG8,SLC25A25,TXNRD1,SLC25A37,DNAJA2,ERRFI1,PIK3R5,SDC1,MICU3,SPRYD7,VMP1,ITCH,SEC23IP,PRDM1,CSF2RB,RASGRP1,STAP1,VCAM1,KDM5B,AFF4,KDM4A"
"gene_set_query"	"98"	"0.8305"	"NFYB_K562_HG19"	"NFYB"	"51"	"1841"	"0.4564"	"0.627"	"1.025"	"ENCODE--ChIP-seq"	"MAPKBP1,DAAM1,NUP98,HIF1A,PIP5K1C,ELL2,EHD1,PPFIBP1,SMPD3,RILPL2,MOCS1,IL10RA,RLIM,CTNND1,CDC14A,PIM2,SLC39A4,SLC26A2,GPR85,RLF,BCL2L11,ARL5B,VPS37C,SLC25A10,LRRC8D,NCKAP5L,SLC25A37,PTPN6,SLC23A2,ERRFI1,SLC11A2,PIK3R3,STK38L,GOLGB1,SLC7A11,GYS1,XPO4,NXPE3,PTGER4,PAK4,GRHL1,PRDM9,PDGFRB,LZTFL1,IDI1,CHD6,ETV5,RGS16,TAF15,ATP2B4,CLCN6"
"gene_set_query"	"99"	"0.839"	"SP4_H1HESC_HG19"	"SP4"	"38"	"1367"	"0.4593"	"0.628"	"1.028"	"ENCODE--ChIP-seq"	"MAPKBP1,ATF2,IER3,MED1,PRKAB2,AFAP1,NUP98,PLBD2,PRRC2C,BTBD11,ELL2,EHD1,PPFIBP1,REL,SMPD3,PLPPR2,IL10RA,GTF2B,USP3,FSCN1,SLC38A7,VPS37A,NFAT5,NCKAP5L,EZR,TMTC3,STK38L,VASN,PCM1,UBXN7,PAK4,VMP1,RSBN1,GEM,IRAK2,KDM5B,SLC2A1,TTC37"
"gene_set_query"	"100"	"0.8475"	"HMGN3_K562_HG19"	"HMGN3"	"50"	"1830"	"0.4947"	"0.653"	"1.01"	"ENCODE--ChIP-seq"	"RBPJ,IL4I1,C3AR1,PRKCG,DDX10,ORAI2,ABR,EHD1,PPFIBP1,AGO3,RCSD1,PIP4P2,SLC39A13,KAT2A,IREB2,PTPRE,MDM4,PLEKHM3,NFE2L1,SYNE2,VPS37A,ITGA5,P2RY6,MYO10,APOBR,MYO1D,RPS6KA4,ACSL4,NBEAL1,XPO4,SPTAN1,CTU1,TLR2,SERTAD2,PAK4,APBA3,PRDM1,FPGT,UBE4B,GEM,STK4,GRK3,ARHGAP27,NGLY1,CXCL1,FCHSD2,RGS16,ASAP1,ACVR1B,NAA15"
"gene_set_query"	"101"	"0.8559"	"CEBPZ_HEPG2_HG19"	"CEBPZ"	"22"	"801"	"0.503"	"0.662"	"1.016"	"ENCODE--ChIP-seq"	"PRKCD,PRDM10,NR1D1,MTMR12,PLAGL2,ZSWIM4,PIM1,NFE2L1,NFE2L2,HMGCS1,SLC25A25,ARRDC4,SLC11A2,GOLGB1,GYS1,VMP1,MIR3064,ABCC5,MVD,KDM4B,POLM,NAA15"
"gene_set_query"	"102"	"0.8644"	"GABPA_MELCELLLINE_MM9"	"GABPA"	"3"	"102"	"0.524"	"0.682"	"1.09"	"ENCODE--ChIP-seq"	"TREML4,DNAJA2,HECA"
"gene_set_query"	"103"	"0.8729"	"STAT2_K562_HG19"	"STAT2"	"7"	"252"	"0.5254"	"0.682"	"1.028"	"ENCODE--ChIP-seq"	"PLSCR1,CSF1,KMT2E,NADK,ARL5B,ICAM1,ARRDC4"
"gene_set_query"	"104"	"0.8814"	"IRF3_HELAS3_HG19"	"IRF3"	"45"	"1688"	"0.5608"	"0.708"	"0.9851"	"ENCODE--ChIP-seq"	"MIR22HG,NUP98,IL20RB,PRDM10,NR1D1,PPFIBP1,MTMR12,PHF8,APPL1,ZSWIM4,DCBLD2,GTF2B,CTNND1,SLC26A2,RAB6A,OSBPL3,NFE2L1,DSE,NCK1,HMGCS1,ACSS2,BAHD1,SLC25A25,MYO1E,SLC11A2,PIK3R3,GOLGB1,HERPUD1,GYS1,AKAP13,KIF1B,NCOA2,GRIPAP1,PAK4,LZTFL1,IDI1,BRWD3,CHD6,ETV5,MVD,HMGCR,KDM4A,KDM4B,TAF15,POLM"
"gene_set_query"	"105"	"0.8898"	"ATF3_K562_HG19"	"ATF3"	"34"	"1295"	"0.5934"	"0.745"	"0.9698"	"ENCODE--ChIP-seq"	"SPI1,MIR22HG,ATG3,DDX10,ORAI2,MTDH,NR1D1,ELL2,EHD1,SLC39A14,F3,HIPK1,GTF2B,RLF,SLC38A7,VPS37A,LANCL2,ITGA5,LRRC8D,NECAP1,PWP1,HECA,TRIB1,CSRNP1,CTU1,TBL1X,APBA3,LZTFL1,RSBN1,DDX5,AFF4,LRIG2,MAPK6,CLCN6"
"gene_set_query"	"106"	"0.8983"	"SIX5_H1HESC_HG19"	"SIX5"	"30"	"1145"	"0.5953"	"0.745"	"0.9678"	"ENCODE--ChIP-seq"	"CAPN15,MIR22HG,DAAM1,ZBTB7A,SMPD3,LRRC41,KAT2A,MOCS1,NR1H3,HIPK1,ABI1,RALGAPA2,MITF,SLC38A7,PPP1R12B,TMTC3,RRAS,ZBED6,PCM1,GABPA,CTU1,SHOC2,APBA3,CARF,RSBN1,TMEM127,FYCO1,TTC37,ABCC5,TAF15"
"gene_set_query"	"107"	"0.9068"	"ATF1_K562_HG19"	"ATF1"	"48"	"1833"	"0.6085"	"0.757"	"0.9672"	"ENCODE--ChIP-seq"	"SPI1,RBPJ,C3AR1,DAAM1,NUP98,IL20RB,RRS1,EHD1,CDK12,SC5D,LDLR,IL10RA,HIPK1,ABI1,GTF2B,CTNND1,RNF19A,PIM2,USP3,DMTF1,FSCN1,SKIL,SOCS4,MAFF,MDM4,NFE2L2,PTPN22,PTPN23,PIK3CG,NCK1,PPP1R15A,LENG8,NECAP1,TSHZ1,SLC7A11,XPO4,LZTFL1,RSBN1,GEM,ABCG1,IDI1,CSF2RB,CAMTA2,NGLY1,CHD6,FYCO1,TRPS1,AGPAT4"
"gene_set_query"	"108"	"0.9153"	"SP2_H1HESC_HG19"	"SP2"	"28"	"1095"	"0.6431"	"0.784"	"0.9439"	"ENCODE--ChIP-seq"	"MIR22HG,PRKAB2,NUP98,ZBTB7A,PPFIBP1,CDK12,MTMR12,APPL1,PLAGL2,ZSWIM4,HIPK1,SLC26A2,OSBPL3,MDM4,NFE2L1,ARL5C,HMGCS1,SLC25A25,ARRDC4,GYS1,AKAP13,KIF1B,NCOA2,TRIP11,CHD6,ETV5,KDM4A,KDM4B"
"gene_set_query"	"109"	"0.9237"	"SETDB1_U2OS_HG19"	"SETDB1"	"46"	"1803"	"0.6723"	"0.814"	"0.9417"	"ENCODE--ChIP-seq"	"MAPKBP1,IL4I1,C3AR1,DDX10,NUP98,NR1D1,CDK12,PTGS2,BTAF1,DCBLD2,TMCO6,RLIM,GTF2B,AHR,TXLNB,IREB2,NFE2L1,SLC13A3,HMGCS1,IMPACT,GTF2A1,LRRC8D,RNF24,RSAD1,PIK3R3,STK38L,NBEAL1,GOLGB1,SLC7A11,TBL1X,PAK4,SPRYD7,VMP1,SEC23IP,CARF,LZTFL1,RSBN1,COL4A5,USP53,BRWD3,NGLY1,TTC37,RGS16,HMGCR,AGPAT4,LRIG2"
"gene_set_query"	"110"	"0.9322"	"NANOG_H1HESC_HG19"	"NANOG"	"2"	"102"	"0.7662"	"0.879"	"0.7194"	"ENCODE--ChIP-seq"	"SOCS4,GOLGB1"
"gene_set_query"	"111"	"0.9407"	"ZZZ3_HELAS3_HG19"	"ZZZ3"	"4"	"199"	"0.7883"	"0.893"	"0.7378"	"ENCODE--ChIP-seq"	"PDGFB,CDK12,STX6,BRWD3"
"gene_set_query"	"112"	"0.9492"	"ELK4_HEK293_HG19"	"ELK4"	"44"	"1822"	"0.789"	"0.893"	"0.8901"	"ENCODE--ChIP-seq"	"CAPN15,ATG3,BCL10,RRS1,AGO3,CPEB4,FOS,LRRC41,BTAF1,HIPK1,ZBTB37,DMTF1,MDM4,NFE2L1,PTPN23,ARL5B,ITGB8,PLEKHG2,VPS37C,TRAF1,GTF2A1,LENG8,SEC24A,PTPN6,RAB11FIP1,OSGIN2,GOLGB1,PCM1,GABPA,NCOA2,CTU1,SHOC2,VMP1,SEC23IP,APBA3,INPPL1,FPGT,ADAM17,IDI1,DDX5,UBA6,STK4,TMEM127,KDM5C"
"gene_set_query"	"113"	"0.9576"	"ESRRA_HEPG2_HG19"	"ESRRA"	"2"	"108"	"0.7929"	"0.893"	"0.6787"	"ENCODE--ChIP-seq"	"NLRC4,HECTD1"
"gene_set_query"	"114"	"0.9661"	"MYBL2_HEPG2_HG19"	"MYBL2"	"35"	"1487"	"0.8127"	"0.903"	"0.867"	"ENCODE--ChIP-seq"	"MAPKBP1,RBPJ,MED1,PRKAB2,HIF1A,RRS1,PRRC2C,EHD1,FOS,KAT2A,GTF2B,CISH,MAPKAPK3,SOCS4,MDM4,PLEKHM3,GTF2A1,NECAP1,SH3D21,DNAJA2,RSAD1,STK38L,UBXN7,NCOA4,LIMA1,PAK4,VMP1,SEC23IP,RSBN1,KDM5B,NGLY1,TTC37,MVD,PARG,MAPK6"
"gene_set_query"	"115"	"0.9746"	"HSF1_HEPG2_HG19"	"HSF1"	"4"	"222"	"0.8524"	"0.935"	"0.66"	"ENCODE--ChIP-seq"	"SLC5A3,KAT2A,MICALL2,DNAJB2"
"gene_set_query"	"116"	"0.9831"	"THAP1_K562_HG19"	"THAP1"	"37"	"1627"	"0.8692"	"0.945"	"0.837"	"ENCODE--ChIP-seq"	"ITSN2,FRS2,NUP98,ZBTB7A,AGO3,CPEB4,SLC39A13,PLCB3,CDC42EP2,SGMS1,PLAGL2,ZSWIM4,KMT2E,IREB2,RLF,SLC38A7,RAB6A,OSBPL3,NFE2L1,PTPN23,VPS13D,PPP1R12B,LENG8,SLC25A25,RNF24,NECAP1,RCOR2,CSRNP1,CTU1,SEC23IP,DDX5,KDM5B,AFF4,LRRFIP2,ABCC5,MVD,CLCN6"
"gene_set_query"	"117"	"0.9915"	"MBD4_HEPG2_HG19"	"MBD4"	"34"	"1672"	"0.9615"	"1.0"	"0.7466"	"ENCODE--ChIP-seq"	"MAPKBP1,CDK12,FOS,TMCO6,TMEM39A,GTF2B,SLC39A4,DMTF1,PLEKHM3,NFE2L2,GTF2A1,HECTD1,NECAP1,DNAJA2,PWP1,RSAD1,TRIB1,NBEAL1,HERPUD1,ZHX2,NCOA4,TBL1X,VMP1,SEC23IP,APBA3,ADAM17,IDI1,USP53,STK4,NDRG1,KIF3B,NGLY1,GNA13,KDM4A"
"gene_set_query"	"118"	"1.0"	"FLI1_MEGAKARYOCYTE_MM9"	"FLI1"	"36"	"1837"	"0.9798"	"1.0"	"0.719"	"ENCODE--ChIP-seq"	"DDX10,ARMC7,BCL10,RRS1,AGO3,CPEB4,SLC39A13,LRRC41,BTAF1,RLIM,ATXN2L,DMTF1,RAB6A,MDM4,NFE2L1,ARL5B,PLEKHG2,GTF2A1,LENG8,SLC12A6,IFRD1,GRAP,PPP1R10,GABPA,SDE2,SHOC2,VMP1,SEC23IP,LZTFL1,ADAM17,UBA6,STK4,FYCO1,SCYL2,PARG,CLCN6"